timestamp,open,high,low,close,vol_btc,vol_aud,weighted_price,,
30/8/13,145,145,145,145,0.54,78.24,145,,
31/8/13,145,145,145,145,2,290,145,,
1/9/13,1.7e+308,1.7e+308,1.7e+308,1.7e+308,Infinity,Infinity,Infinity,,
2/9/13,140,140,139,139,1.1,153.9,139.91,,
3/9/13,1.7e+308,1.7e+308,1.7e+308,1.7e+308,Infinity,Infinity,Infinity,,
4/9/13,1.7e+308,1.7e+308,1.7e+308,1.7e+308,Infinity,Infinity,Infinity,,
5/9/13,1.7e+308,1.7e+308,1.7e+308,1.7e+308,Infinity,Infinity,Infinity,,
6/9/13,128,128,128,128,0.2,25.6,128,,
7/9/13,128,140,128,140,18.12,2530.38,139.67,,
8/9/13,140,142,140,140,53.5,7519.68,140.56,,
9/9/13,140,144,140,144,35.38,5092.64,143.96,,
10/9/13,145,145,145,145,10.83,1570.35,145,,
11/9/13,1.7e+308,1.7e+308,1.7e+308,1.7e+308,Infinity,Infinity,Infinity,,
12/9/13,145,145,100,140,0.57,81.35,143.85,,
13/9/13,141,145,141,145,0.45,64.13,144.1,,
14/9/13,145,149,145,149,13.71,2018.19,147.2,,
15/9/13,149,150,149,150,1.62,241.48,149.09,,
16/9/13,148,150,148,150,20,2960.09,148,,
17/9/13,150,153,150,153,5.32,810.97,152.3,,
18/9/13,153,153,153,153,0.77,117.31,153,,
19/9/13,155,178,155,178,7.25,1178,162.48,,
20/9/13,178,178,175,175,3.88,679.43,175.27,,
21/9/13,175,193,175,186,41.32,7652.37,185.18,,
22/9/13,187,215,185,215,54.71,11401.26,208.39,,
23/9/13,217,257,185,213,183.16,43763.24,238.93,,
24/9/13,188,207,188,200,3.99,794.94,199.28,,
25/9/13,203,210,203,210,5.95,1211.79,203.83,,
26/9/13,210,210,210,210,1.33,279.98,210,,
27/9/13,210,219,210,219,7.74,1659.28,214.38,,
28/9/13,219,221,219,221,2.35,517.37,220.16,,
29/9/13,227,229,220,220,5,1129.17,225.81,,
30/9/13,1.7e+308,1.7e+308,1.7e+308,1.7e+308,Infinity,Infinity,Infinity,,
1/10/13,218,218,218,218,6.14,1337.95,218,,
2/10/13,218,218,218,218,1.86,406.05,218,,
3/10/13,229,229,229,229,2.1,480.9,229,,
4/10/13,229,236,218.1,236,28.99,6683.13,230.56,,
5/10/13,236,240,231,240,32.3,7562.8,234.14,,
6/10/13,244,254,244,254,19.5,4859,249.18,,
7/10/13,257,320,257,320,49.63,14555.95,293.27,,
8/10/13,320,353,320,353,62.98,21220.4,336.96,,
9/10/13,353,400,353,381,17.25,6503.51,376.97,,
10/10/13,353,353,300,300,0.15,52.6,343.98,,
11/10/13,350,381,350,381,4.06,1466.14,361.38,,
12/10/13,381,381,381,381,20.19,7692.06,381,,
13/10/13,381,424,381,424,98.36,40573.19,412.49,,
14/10/13,424,485,424,480,22.83,10887.26,476.84,,
15/10/13,485,500,460,460,14.82,7203.28,486.21,,
16/10/13,460.1,500,460.1,500,12.67,6245.95,493.15,,
17/10/13,500,509,500,509,30.77,15453.46,502.19,,
18/10/13,509,689,509,689,89.12,55267.39,620.11,,
19/10/13,689,897,650,833,45.61,36603.39,802.51,,
20/10/13,681,810,622,810,13.22,9152.13,692.56,,
21/10/13,810,854,710,849,9.83,8117.68,825.93,,
22/10/13,849,880,750,880,13.21,11344.35,859.03,,
23/10/13,892,950,892,893,21.17,19246.59,909.1,,
24/10/13,893,893,853.08,865,6.88,6013.74,874.25,,
25/10/13,865,926,865,905,15.42,13830.36,896.87,,
26/10/13,911,1000,909,1000,52.15,49587.03,950.94,,
27/10/13,1045,1157,1040,1157,47.74,53076.59,1111.67,,
28/10/13,1165,1300,1150,1300,39.78,46566.7,1170.72,,
29/10/13,1300,1337,1150,1337,27.75,35268.51,1270.78,,
30/10/13,1337,1345,1300,1340,8.12,10822.51,1332.66,,
31/10/13,1301,1345,1050,1345,6.76,7863.73,1163.11,,
1/11/13,1345,1345,1250,1250,3.82,5094.84,1332.58,,
2/11/13,1190,1320,1190,1310,16.55,21181.7,1279.68,,
3/11/13,1290,1320,1201,1320,21.32,27792.34,1303.54,,
4/11/13,1300,1345,1000.0011,1000.0034,30.43,33942.9,1115.37,,
5/11/13,1050,1200,1000.0023,1000.0023,10.33,11768.89,1139.26,,
6/11/13,1000.001,1000.001,690,750,30.61,26073.55,851.93,,
7/11/13,850,850,841,841,8.14,6857.67,842.26,,
8/11/13,894.99,1000,894.99,972,16.09,15392.55,956.47,,
9/11/13,1079.99,1150,1079.99,1150,8.26,9049.72,1096.16,,
10/11/13,1150,1180,1049,1049,6.62,7537.67,1138.47,,
11/11/13,1100,1100,1100,1100,2.45,2695,1100,,
12/11/13,1095,1100,1095,1100,1.32,1449.21,1098.71,,
13/11/13,1.7e+308,1.7e+308,1.7e+308,1.7e+308,Infinity,Infinity,Infinity,,
14/11/13,1098,1100,1000,1000,1.42,1468.62,1032,,
15/11/13,1050,1120,840,880,8.64,9097.97,1052.95,,
16/11/13,841,841,700.01,810,31.71,24950.75,786.88,,
17/11/13,811,978,501,525,25.21,16764.57,664.95,,
18/11/13,530,975,530,786,3.02,1794.35,594.43,,
19/11/13,785,800,680,780,13.29,10212.65,768.23,,
20/11/13,777,785,700,700,1.52,1125.14,741,,
21/11/13,727.25,797,727.25,797,2.66,2020.58,760.27,,
22/11/13,740,790,720,760,14.16,10903,770.08,,
23/11/13,760,796,760,765,11.07,8595.95,776.24,,
24/11/13,765,813,750,750,18.39,13970.82,759.77,,
25/11/13,790,855,790,825,7.24,5849.83,807.7,,
26/11/13,825,825,790,825,5.75,4745.91,824.76,,
27/11/13,825,825,825,825,1.97,1623.44,825,,
28/11/13,850,850,825,840,3.8,3136.37,825.42,,
29/11/13,800,845,800,845,5.71,4766.36,835.21,,
30/11/13,845,855,750,795.56,10.26,8118.93,791.2,,
1/12/13,795.56,795.56,795.56,795.56,1.9,1514.73,795.56,,
2/12/13,795.56,850,795.56,849,3.55,2841.85,800.13,,
3/12/13,850,950,850,950,2.3,2109.92,915.73,,
4/12/13,949,960,949,955,3.97,3783.5,952.32,,
5/12/13,958,1059,949,1059,11.79,11462.58,972.59,,
6/12/13,1059,1089,1059,1089,6.98,7571.76,1085.08,,
7/12/13,1089,1089,900,970,1.54,1534.68,994.41,,
8/12/13,900,915,900,915,1.89,1707.78,904.21,,
9/12/13,968.46,1000,933,989.73,2.24,2145.02,958.53,,
10/12/13,950,950,950,950,2.69,2559.3,950,,
11/12/13,950,950,950,950,0.18,167.87,950,,
12/12/13,1.7e+308,1.7e+308,1.7e+308,1.7e+308,Infinity,Infinity,Infinity,,
13/12/13,950,950,914,950,10.66,9783.71,917.96,,
14/12/13,950,1000,950,950,3.85,3665.81,952.69,,
15/12/13,950,1096,950,980,8.01,8021.35,1001.56,,
16/12/13,980,980,970,970,2.37,2314.09,975.34,,
17/12/13,970,1010,970,999,2.43,2443.17,1004.01,,
18/12/13,996.57,996.57,985,986,6.6,6502.97,986,,
19/12/13,950,960,950,960,0.62,592.96,955.38,,
20/12/13,950,1010,940,1010,17.06,16862.65,988.4,,
21/12/13,1010,1041,965,965,4.6,4510.15,979.88,,
22/12/13,960,960,940,940,3.84,3645.8,949.43,,
23/12/13,978.73,1020,965,971.8,10.3,10095.76,980.31,,
24/12/13,1000.22,1030,920,965,11.46,11014.98,960.83,,
25/12/13,965,999,940,999,5.29,5168.52,977.62,,
26/12/13,980,980,950,950,2.12,2038.26,963.35,,
27/12/13,957,957,900,900,6.61,6059.98,917.01,,
28/12/13,900.01,904,890,904,3.91,3523.97,901.12,,
29/12/13,904,969,904,905.1,9.52,8856.75,930.71,,
30/12/13,940,947.41,915.01,940,3.38,3151.7,933.15,,
31/12/13,940,960.66,920,960.66,6.35,5958.49,938.7,,
1/1/14,960,970,960,970,2.09,2021.87,967.01,,
2/1/14,970,970,942,942,2.04,1932.48,948.62,,
3/1/14,942,965,921.5,965,2.69,2574.95,955.87,,
4/1/14,965,970,940,969.98,7.37,7068.26,958.8,,
5/1/14,969.99,974,915,915,15.31,14445.28,943.38,,
6/1/14,915,935,880,880,13.66,12269.74,898.16,,
7/1/14,880,885.31,784.31,784.31,14.18,12026.45,848.36,,
8/1/14,800,832.94,795,795,8.05,6510.36,808.99,,
9/1/14,806.74,806.74,785,785,0.06,51.37,793.31,,
10/1/14,800,803.96,550,701,27.65,20170.4,729.47,,
11/1/14,806.7,930,802,830,16.94,14056.56,829.85,,
12/1/14,834.46,860,785,795,28.86,23161.13,802.66,,
13/1/14,795,800,750.01,789.9,9.55,7380.86,772.81,,
14/1/14,775,800,625,800,28.46,20824.53,731.61,,
15/1/14,775,800,750,770,1.94,1504.56,773.69,,
16/1/14,750,770,720,720,26.21,19435.7,741.63,,
17/1/14,720,749.99,700,749.99,23.06,16955.88,735.2,,
18/1/14,749.99,749.99,680,710,5.04,3582.86,710.21,,
19/1/14,710,738.98,700,727.06,22.49,16014.58,711.96,,
20/1/14,720,729.98,656,662.24,54.86,38793.51,707.15,,
21/1/14,660,710,635,673.86,28.23,18908.16,669.71,,
22/1/14,684.04,710,655,710,9.87,6789.71,687.8,,
23/1/14,710,710,680,705,10.53,7448.89,707.3,,
24/1/14,685,709,635,635,14.85,9731.42,655.36,,
25/1/14,699,700,500,625.03,50.09,30473.59,608.37,,
26/1/14,618.48,700,616.98,658.52,14.36,9290.14,646.98,,
27/1/14,665,687.18,655,680.59,13.2,8965.04,679.09,,
28/1/14,680.59,680.59,640,640,21.31,13862.69,650.49,,
29/1/14,630,650,630,640,10.64,6779.67,637.4,,
30/1/14,636,639.99,625,625,14.63,9197.03,628.5,,
31/1/14,639.99,760,639.99,760,14.94,10292.22,688.78,,
1/2/14,760,777,726,776.83,27.46,21077.84,767.6,,
2/2/14,774,775,710,735.05,15.48,11554.92,746.56,,
3/2/14,745,759.99,710,730,9.7,7144.33,736.45,,
4/2/14,735,749.9,710,723.5,8.62,6299.91,730.96,,
5/2/14,723.5,734,700,700,12.81,9085.2,708.95,,
6/2/14,706,733.73,701.01,701.01,0.46,326.92,713.81,,
7/2/14,717.17,720,710,710,10.14,7256.14,715.29,,
8/2/14,710,731.99,700,731.99,10.9,7667.16,703.61,,
9/2/14,726,731.99,705,710,9.76,7019.09,718.87,,
10/2/14,715,731,710,729.99,9.52,6871.57,721.65,,
11/2/14,731.99,738,715,723.81,3.81,2772.66,727.92,,
12/2/14,715,725,715,715,3.42,2456.93,719.12,,
13/2/14,715,738.99,710.03,728.75,4.24,3070.32,724.5,,
14/2/14,735,737,700,705,24.47,17499.32,715.07,,
15/2/14,705,715,695,703,24.95,17509.59,701.85,,
16/2/14,703,706.99,675,701.99,5.95,4113.08,691.11,,
17/2/14,699.97,699.97,660.01,660.01,14.88,10118.52,680.18,,
18/2/14,685,685,650.01,680.01,21.03,14047.9,668.06,,
19/2/14,677.3,677.3,622.1,622.1,17.99,11718.37,651.47,,
20/2/14,622.1,640,622.1,640,3.88,2415.01,622.34,,
21/2/14,639.82,645,622,645,10.77,6755.43,627.46,,
22/2/14,645,650,622,650,14,8828.96,630.8,,
23/2/14,677,684.99,616,650,24.18,15748.68,651.3,,
24/2/14,640,641,550,555,126.2,76427.52,605.6,,
25/2/14,560,597.79,5.67,562.23,24.73,13979.78,565.23,,
26/2/14,565.23,573.32,540.1,550,26.53,14666.53,552.88,,
27/2/14,545,569,522,569,64.46,34320.17,532.44,,
28/2/14,571,571,490,515,58.78,29845.05,507.76,,
1/3/14,515,649,500,530,30.55,16183.31,529.67,,
2/3/14,530,599,510,538.05,40.27,20951.04,520.28,,
3/3/14,511,511,460,501,87.07,43039.59,494.3,,
4/3/14,507.62,547.9,487.77,508.07,18.32,9166.74,500.26,,
5/3/14,505.45,547.9,500,510,4.34,2209.86,508.68,,
6/3/14,510,523.37,507.1,507.1,6.63,3388.6,510.76,,
7/3/14,507.1,535.1,507.1,508.31,19.34,9969.84,515.52,,
8/3/14,508.31,518.08,475.01,500,26.81,13345.65,497.86,,
9/3/14,502.46,510,476,490.06,46.03,22922.43,497.98,,
10/3/14,489.47,491.9,410,410,75.55,34172.08,452.31,,
11/3/14,400,481.04,395,480.83,29.02,12216.92,420.93,,
12/3/14,460,510,460,500,4.89,2318.4,474.51,,
13/3/14,460,460,430.01,430.01,11.17,5120.6,458.61,,
14/3/14,465,509,415,450,21.44,10218.8,476.65,,
15/3/14,498.7,560,498.7,550,33.96,17608.82,518.48,,
16/3/14,560,600,550,584.1,12.8,7361.14,574.88,,
17/3/14,584.1,584.1,530,530,8.55,4845.73,566.66,,
18/3/14,525,575,525,575,30.15,16329.27,541.67,,
19/3/14,535,541.05,500,529,1.22,642.97,529.17,,
20/3/14,540,569.3,540,540,3.13,1689.64,540.05,,
21/3/14,569.29,569.29,515,545,2.68,1461.13,545.66,,
22/3/14,545,575,525,538.64,16.18,8990.65,555.62,,
23/3/14,538.69,575,526,552.99,33.65,18499.18,549.83,,
24/3/14,548,600,525.01,560.62,38.17,21150.79,554.09,,
25/3/14,556.52,556.52,481,485.1,34.15,17291.05,506.36,,
26/3/14,501,515,501,515,5.57,2809.06,504.48,,
27/3/14,509.88,509.88,485,485,1.52,752.75,494.17,,
28/3/14,486,501,465.1,501,18.86,9194.72,487.4,,
29/3/14,501,595,481,500,35.85,18376.67,512.63,,
30/3/14,500,550,480,498,40.2,20176.01,501.84,,
31/3/14,498,550,486,511,26.29,13576.22,516.4,,
1/4/14,517.39,517.39,495,506.23,15.58,7837,502.97,,
2/4/14,505,505,480,490,17.57,8544.91,486.33,,
3/4/14,490,490.8,470.88,490.8,4.6,2223.66,483.16,,
4/4/14,494.31,495,475,495,7.77,3765.25,484.3,,
5/4/14,483.77,495,465,466,16.97,8030.91,473.15,,
6/4/14,470,500,466,475,13.32,6455.79,484.49,,
7/4/14,491,500,474,490,11.25,5474.9,486.56,,
8/4/14,490,500,474,493.11,6.55,3223.81,492.53,,
9/4/14,493.49,515,485.1,515,13.17,6574.3,499.1,,
10/4/14,502.82,502.82,485.1,485.1,38.72,18996.7,490.58,,
11/4/14,485.11,500,470.1,471,22.4,10756.95,480.27,,
12/4/14,485.22,485.22,468,482.78,14.6,6894.85,472.29,,
13/4/14,482.78,489,468,479,25.22,12040.13,477.44,,
14/4/14,475,489,475,484.99,5.17,2495.14,482.58,,
15/4/14,487,487,482,484,10.62,5140.15,484.01,,
16/4/14,484,487.99,482,482,8.81,4278.31,485.36,,
17/4/14,486,486,480,480,6.39,3091.29,483.94,,
18/4/14,480,484.5,471.08,475,20.75,9905.5,477.45,,
19/4/14,474,530,471.07,530,54.14,26459.8,488.72,,
20/4/14,516,550.4,497.99,520,34.5,18393.83,533.22,,
21/4/14,550.38,598.5,515,586.68,39.19,22135.91,564.8,,
22/4/14,598.5,669.9,580.5,585,49.26,29701.54,602.92,,
23/4/14,580,600,575.1,575.1,6.06,3522.35,581.32,,
24/4/14,593,630,593,630,11.27,6960.31,617.57,,
25/4/14,612,654.6,612,642.44,16.28,10312.45,633.41,,
26/4/14,643.61,660,607,613,55.04,34534.93,627.42,,
27/4/14,640,653.9,616.01,620.01,20.2,12831.22,635.27,,
28/4/14,621.29,669.9,609,620,20.8,13191.26,634.27,,
29/4/14,635.02,685,610.01,685,38.15,25252.85,661.96,,
30/4/14,684,700,661.11,679,19.36,13240.16,684.03,,
1/5/14,679,720,675,690,33.4,23441.88,701.91,,
2/5/14,703.5,773.9,661,701.9,63.33,44999.73,710.56,,
3/5/14,725,779.9,700.5,721.2,55.29,40368.16,730.06,,
4/5/14,717.1,765,695,707,43.42,30993.2,713.78,,
5/5/14,718.57,765,705,726,53.27,38830.01,728.92,,
6/5/14,726,749.99,705.1,725.9,22.01,15964.33,725.28,,
7/5/14,723.02,725,709,715,9.64,6912.66,716.84,,
8/5/14,711,712,708,708,6.7,4763.28,710.63,,
9/5/14,711,711.01,700,711.01,8.26,5805.47,702.55,,
10/5/14,709,739,700,711,40.64,29104.92,716.2,,
11/5/14,727,727,685,685,25.14,17754.81,706.18,,
12/5/14,685,717,610,642.64,38.82,26135.73,673.3,,
13/5/14,620,671.28,608.83,609.91,30.11,19553.4,649.33,,
14/5/14,620.12,645.09,597.54,605,17.26,10721.78,621.19,,
15/5/14,595.52,646.69,595.52,646.69,7.56,4583.08,606.18,,
16/5/14,656.8,700,621.56,643.14,19.75,12947.76,655.57,,
17/5/14,644.4,655,630,654.5,9.8,6330.98,646.02,,
18/5/14,654.5,670.58,644.65,655,17.85,11854.11,664.2,,
19/5/14,660,700,655.09,658.07,22.97,15335.05,667.48,,
20/5/14,651.2,680,630,658.99,20.25,13252.11,654.37,,
21/5/14,656.37,656.37,626,627,13.64,8750.18,641.5,,
22/5/14,626,662,626,657.83,9.56,6283.72,657.16,,
23/5/14,649.57,659,629.52,646.96,11.31,7272.09,642.78,,
24/5/14,646.65,661,627,641.32,35.58,22830.43,641.71,,
25/5/14,627.1,634.29,612,615.07,40.69,25466.39,625.89,,
26/5/14,645.1,645.1,611.35,624.5,24.68,15340.25,621.53,,
27/5/14,624.5,633,411,632.5,57.97,34168.43,589.38,,
28/5/14,625,650,590,627.01,15.9,9817.35,617.58,,
29/5/14,630,650,625,625,8.67,5470.67,631,,
30/5/14,625,700,625,680,33.87,22413.69,661.79,,
31/5/14,680,701.53,667.27,690,41.23,28514.12,691.53,,
1/6/14,694.99,700,678,700,24.45,16874.55,690.15,,
2/6/14,695,710.1,686,699.99,32.55,22833.03,701.55,,
3/6/14,699.99,706,681.5,703.71,21.1,14703.04,696.84,,
4/6/14,684,701.8,681.5,683.6,11.16,7719.94,691.81,,
5/6/14,683.6,700,676.1,676.1,2.48,1692.97,683.17,,
6/6/14,698.99,698.99,674.9,674.9,14.76,10089.71,683.52,,
7/6/14,689.99,690,670.11,671.1,14.32,9805.86,684.99,,
8/6/14,688.02,688.87,671.22,683,9.99,6836.93,684.17,,
9/6/14,671.31,683.6,661.1,661.1,28.01,18831.14,672.22,,
10/6/14,661.1,681.5,661.06,680,5.31,3552.7,669.09,,
11/6/14,670,680.9,665.05,680,8.7,5849.28,672.01,,
12/6/14,676,680,665.1,665.1,6.57,4417.38,672.41,,
13/6/14,678,701,665.39,680,25.37,17424.81,686.78,,
14/6/14,680,682.1,670,670,20.66,13963.58,675.72,,
15/6/14,677.9,694.91,666.5,679.99,39.05,26537.46,679.57,,
16/6/14,667.9,681,655,680,26.23,17612.45,671.51,,
17/6/14,681,684.5,661.02,679.99,16.73,11307.02,675.88,,
18/6/14,665,677,662,665.01,4.14,2779.12,670.54,,
19/6/14,676.95,679.99,656.44,656.44,4.21,2804.01,666.37,,
20/6/14,675,683.04,658.33,671,16.93,11325.96,668.81,,
21/6/14,671,689,665.28,675,24.23,16488.67,680.63,,
22/6/14,675,678.99,673,678.82,17.86,12058.56,675.05,,
23/6/14,681,682,634.01,641,34.44,22939.76,666.09,,
24/6/14,658,663.99,635.01,645,13.77,9059.61,657.75,,
25/6/14,658,658,630,640.01,14.83,9515.25,641.43,,
26/6/14,640,640.01,630,630.1,9.83,6267.27,637.31,,
27/6/14,636.99,657.9,601.01,638.99,15.83,9854.57,622.61,,
28/6/14,638.99,689,630,679.99,60.79,39324.26,646.84,,
29/6/14,679.99,679.99,611.83,630,15.13,9520.12,629.08,,
30/6/14,629.99,632.95,601,626,19.39,12095.74,623.85,,
1/7/14,635,640,626,640,18.84,11999.41,637,,
2/7/14,615,638.99,615,636.99,29.64,18335.62,618.65,,
3/7/14,636.99,639.99,618.1,630,7.01,4450.69,634.99,,
4/7/14,630,645,628,635,23.45,14906.56,635.61,,
5/7/14,635,650,615,621,40.56,25977.91,640.41,,
6/7/14,621,639.99,615.1,639.99,11.45,7194.5,628.55,,
7/7/14,639.89,639.9,621.01,631.2,11.4,7220.44,633.44,,
8/7/14,630.99,638,630.99,638,20.2,12871.51,637.27,,
9/7/14,638,645,631,631.99,6.25,3989.64,638.11,,
10/7/14,642.99,643.99,634,643.98,4.3,2751.31,639.38,,
11/7/14,634,644.98,625,634.98,34.88,22341.11,640.47,,
12/7/14,634.97,639,615.15,629,31.86,19930.58,625.48,,
13/7/14,624.99,624.99,565,598.99,26.48,16002.96,604.4,,
14/7/14,594.25,595,550,562.5,25.67,14650.14,570.66,,
15/7/14,567.99,567.99,541,553.57,17.45,9675.19,554.49,,
16/7/14,531.9,585,526,560,9.17,5043.2,549.81,,
17/7/14,566.89,573.97,526.01,526.01,7.88,4317.63,547.94,,
18/7/14,557.53,558,490.99,517,38.01,20107.76,529,,
19/7/14,505,539,495,529.99,51.65,26584.28,514.72,,
20/7/14,530,599.8,511,583,26.99,14479.39,536.45,,
21/7/14,575,582.99,535,582.98,21.58,12319.6,570.99,,
22/7/14,578.98,582.97,551,552.02,36.12,20263.57,560.97,,
23/7/14,552.02,572.97,530.12,530.22,13.2,7283.3,551.93,,
24/7/14,530.22,556.81,530,547,5.04,2718.38,539.75,,
25/7/14,547,557.9,530,544,27.3,14949.17,547.61,,
26/7/14,557.69,557.9,538,555,37.74,20810.54,551.37,,
27/7/14,557.99,570,555,556.99,23.77,13320.74,560.48,,
28/7/14,560,560,538,549.99,9.11,4984.31,546.99,,
29/7/14,542.11,558.96,542.1,556.64,10.62,5866.09,552.13,,
30/7/14,551.62,553.92,512,520.67,10.83,5840.54,539.16,,
31/7/14,520.57,549.96,520.56,520.56,16.24,8824.13,543.42,,
1/8/14,520,539.89,511,537.88,52.72,27175.17,515.48,,
2/8/14,537.98,569.99,530.01,564.9,26.83,14643.75,545.87,,
3/8/14,536.11,564.89,520.05,528,42.3,22710.55,536.94,,
4/8/14,528,539.98,515.04,528.5,16.53,8698.12,526.15,,
5/8/14,528.5,540.99,528.5,534.6,10.65,5725.09,537.48,,
6/8/14,528,539.86,521.01,522.12,16.23,8640.41,532.41,,
7/8/14,511,538,511,534,13.91,7212.89,518.47,,
8/8/14,533.78,533.89,510,520,28.27,14595.95,516.35,,
9/8/14,529.49,529.49,515,524.87,15.86,8340.54,525.92,,
10/8/14,515.22,548,515,532.2,17.29,9226.91,533.7,,
11/8/14,546,546,511,525.12,27.09,14476.56,534.47,,
12/8/14,540.99,542.99,519,525.1,10.86,5722.97,526.9,,
13/8/14,535.99,535.99,513.5,531.99,12.07,6380.18,528.61,,
14/8/14,516.5,529.94,500.99,505,17.94,9074.71,505.87,,
15/8/14,530,534.99,520,525,23.09,12225.92,529.6,,
16/8/14,525,534.4,520.4,520.4,35.11,18611.89,530.14,,
17/8/14,530,534.98,501.02,526.94,74.43,39126.16,525.65,,
18/8/14,511,530,495,496,69.43,35031.07,504.56,,
19/8/14,513.95,513.95,450.02,498.39,16.11,7849.5,487.34,,
20/8/14,479.78,498.38,441.62,450,27.42,12785.31,466.36,,
21/8/14,441.62,489.88,415,453.1,21.56,9802.96,454.72,,
22/8/14,474.69,485,450,479,20.18,9587.27,475.04,,
23/8/14,479,503,453,502,95.58,45160.22,472.49,,
24/8/14,493,500.9,459,480,29.44,14492.11,492.26,,
25/8/14,476.01,490.99,475,485.98,31.23,15096.02,483.37,,
26/8/14,485.5,485.98,451,477.99,31.51,14933.84,473.93,,
27/8/14,477.9,480,460.1,478.9,9.97,4776.98,478.93,,
28/8/14,478.8,478.9,440,440,22.27,10211.99,458.48,,
29/8/14,426.71,460,408,448.9,37.58,16293.02,433.56,,
30/8/14,439,469.9,435,458.99,29.67,13345.53,449.74,,
31/8/14,454.99,465,437,464.9,24.25,10945.08,451.35,,
1/9/14,462.9,463,440,459,51.7,23426.43,453.14,,
2/9/14,459,459,415.02,417.1,45.75,20098.75,439.36,,
3/9/14,415.13,430.1,388,399.89,52.34,21161.05,404.3,,
4/9/14,385,479,250.5,478.79,45.68,17555.36,384.32,,
5/9/14,400,413.9,322,395,49.86,18405.97,369.12,,
6/9/14,415,449,381.82,424,55.98,22741.26,406.22,,
7/9/14,408,425,395,414.99,132.3,54779.11,414.04,,
8/9/14,414.99,448,399,419,103.6,43089.37,415.93,,
9/9/14,419.1,450,410,429.99,90.86,39083.54,430.15,,
10/9/14,445,445,414.43,426,88.86,37620.58,423.36,,
11/9/14,421.1,446,415,434.99,391.62,166234.32,424.48,,
12/9/14,425.01,446,415,446,45.38,19965.42,439.92,,
13/9/14,445.6,499.99,445.5,478.73,94.45,44693.15,473.17,,
14/9/14,479.9,486.99,450,465,96.91,45041.95,464.8,,
15/9/14,465,480,442.51,468.69,67.75,31391.91,463.33,,
16/9/14,455,464,420,457.45,64.96,28897.47,444.84,,
17/9/14,445,451.5,420.23,451.21,22.8,9945.03,436.17,,
18/9/14,449.99,449.99,410,444.97,27.45,11735.46,427.52,,
19/9/14,444.97,459.99,429.96,447,91.58,40886.73,446.48,,
20/9/14,448,454,430.5,439,150.69,66002.01,438,,
21/9/14,445,455.18,430.72,439.99,92.53,41006.91,443.16,,
22/9/14,439.99,449,410,423.49,133.94,57407.92,428.61,,
23/9/14,422.05,425,402.98,412.03,109.13,45013.48,412.49,,
24/9/14,419.99,420,388.32,404.98,107.55,43383.22,403.39,,
25/9/14,395.11,415.01,395.11,404.01,22.17,8918.11,402.32,,
26/9/14,409.99,428,404.04,419.9,117.79,48654.42,413.05,,
27/9/14,419,429,410,423.99,87.29,36693.77,420.36,,
28/9/14,424,424,390,399.22,125.51,51380.03,409.38,,
29/9/14,399.22,412.72,383,406.11,77.34,30693.42,396.87,,
30/9/14,400,408,386,396,86.67,34597.05,399.2,,
1/10/14,400,402,373,382.2,67.44,25984.61,385.29,,
2/10/14,379.99,390.72,375,390.19,25.86,9909.15,383.24,,
3/10/14,389,394,376.42,389.75,95.76,36926.7,385.61,,
4/10/14,389.84,389.94,376.1,386.98,101.57,38990.21,383.89,,
5/10/14,386.99,412,386.39,401.05,95.59,38009.57,397.64,,
6/10/14,410.89,419.99,404,419.99,98.1,40535.61,413.23,,
7/10/14,419.99,423,403.97,406.1,76.44,31773.09,415.64,,
8/10/14,406.74,414,402.52,410,20.37,8310.53,407.91,,
9/10/14,407.27,422,406.62,421.49,48.27,19868.81,411.65,,
10/10/14,423,435,410.52,434.9,90.35,38411.98,425.13,,
11/10/14,427.04,439.99,422.09,434.9,104.98,45463.03,433.07,,
12/10/14,433,499.88,433,488,130.54,59572.5,456.36,,
13/10/14,488,545,455.09,489.19,160.57,81684.64,508.72,,
14/10/14,501,508,450.59,457.5,114.88,54539.45,474.74,,
15/10/14,457.6,472.76,440,450,42.6,19257.13,452.08,,
16/10/14,446.52,472.4,446.04,465.15,26.56,12278.83,462.35,,
17/10/14,466,485,451.52,469.9,77.51,36802.05,474.8,,
18/10/14,465.44,470,444.5,453,98.57,44966.43,456.18,,
19/10/14,453,464.45,442.17,444.53,68.25,30858.1,452.14,,
20/10/14,444.53,453.99,419.47,427,59.83,26182.35,437.62,,
21/10/14,420.5,428.87,410,411.81,98.56,40973.69,415.73,,
22/10/14,411.8,434,410.9,414.37,47.01,19982.31,425.09,,
23/10/14,420,435.99,413.04,435.99,17.34,7419.1,427.77,,
24/10/14,435,454,427.55,440.01,67.84,29782.89,439.03,,
25/10/14,445.92,465,445.92,449.16,100.3,45711.09,455.76,,
26/10/14,447.69,449.34,432,444.39,73.27,32406.78,442.27,,
27/10/14,444.4,449.99,430.97,438,54.94,24211.23,440.72,,
28/10/14,444,448,423.11,448,126.01,55437.29,439.95,,
29/10/14,448,450,439.44,439.44,14.36,6438.75,448.37,,
30/10/14,439.25,445,430.1,430.6,21.66,9479.65,437.71,,
31/10/14,437,459.98,437,455,104.01,46803.98,450.01,,
1/11/14,457.42,463.91,446.01,451.07,116.52,53244.03,456.95,,
2/11/14,463.91,466.59,450,457.01,75.01,34273.98,456.95,,
3/11/14,456,463.99,445.6,459.99,77.98,35490.79,455.13,,
4/11/14,457.99,457.99,435.01,454.07,71.15,31830.65,447.39,,
5/11/14,454.07,463.5,450,450.3,47.6,21638.1,454.61,,
6/11/14,453.5,463.04,445.25,458.94,37.27,16900.97,453.53,,
7/11/14,457.5,465,446,448.1,95.53,43793.31,458.42,,
8/11/14,450.06,454,430.01,443.84,129.65,57494.72,443.44,,
9/11/14,441.4,443.9,428.6,428.6,163.3,70949.78,434.49,,
10/11/14,426.59,450.99,416.35,430.67,171.03,74187.01,433.77,,
11/11/14,434.58,443.47,430.5,440.49,106.98,46707.32,436.61,,
12/11/14,438.5,440.5,426,430,77.71,33439.53,430.3,,
13/11/14,428.38,438.7,424.33,438.7,35.78,15441.52,431.56,,
14/11/14,438.7,438.87,425,436,125.47,54476.63,434.17,,
15/11/14,436.15,438.87,410,421,247.84,105060.82,423.91,,
16/11/14,419.87,424.4,396,408.76,252.82,103230.28,408.32,,
17/11/14,408.88,419,380,398,234.38,93406.77,398.53,,
18/11/14,401,405,375,396,137.07,53726.84,391.96,,
19/11/14,389.7,417.99,381,409.03,77.12,31157.79,404.03,,
20/11/14,413,436.15,400,407.75,56.93,23568.98,414.03,,
21/11/14,400.1,421.77,400.1,418,92.61,38187.45,412.33,,
22/11/14,417.9,434.3,408,417,152.9,64057.35,418.94,,
23/11/14,417.88,420,401.99,408.99,71.84,29523.38,410.94,,
24/11/14,406,407,400,400,49.34,19805.92,401.44,,
25/11/14,400.01,406.2,392.25,406.2,60.32,24083.46,399.26,,
26/11/14,405.24,405.24,392.52,395,35.07,13930.94,397.29,,
27/11/14,399.99,399.99,390.66,392.42,10.07,3960.81,393.43,,
28/11/14,396,405.9,383.67,396.48,115.41,45543.01,394.61,,
29/11/14,386,402,383.1,390.99,139.05,54595.43,392.63,,
30/11/14,390.89,396.8,383.93,396.8,60.2,23479.27,390.01,,
1/12/14,399.7,399.7,380.51,386.6,25.53,9978.15,390.87,,
2/12/14,386.5,404,384.54,399.99,54.73,21732.02,397.08,,
3/12/14,399.99,404,355,355,142.62,54062.09,379.07,,
4/12/14,350,360.7,327,341.89,100.67,34555.27,343.24,,
5/12/14,342,355,331.91,341.99,130.98,44866.73,342.53,,
6/12/14,342.5,358.9,338,358.9,194.28,67143.59,345.6,,
7/12/14,359,363.9,350.1,363.9,224.87,80824.94,359.44,,
8/12/14,363.9,368.06,350.01,350.23,174.81,62643.14,358.35,,
9/12/14,356.94,360,347.97,357,167.07,58980.46,353.02,,
10/12/14,357.1,359.99,336.45,338.25,118.95,41135.27,345.82,,
11/12/14,339.99,339.99,326,330.81,43.95,14730.21,335.18,,
12/12/14,332.99,347,324.49,337.31,147.24,48918.67,332.24,,
13/12/14,337.21,344.5,271.1,282.12,534.02,162625.23,304.53,,
14/12/14,282.12,298.98,223,254.69,441.49,112275.26,254.31,,
15/12/14,236,288,232.71,264.72,320.33,80578.73,251.55,,
16/12/14,264.41,293.99,260.74,265.52,154.41,41901.31,271.36,,
17/12/14,265.43,270.95,245.97,251.15,184.21,47627.28,258.55,,
18/12/14,251.25,269.5,232,259.75,85.67,21460.06,250.5,,
19/12/14,265.81,293.5,260,283.99,236.44,64716.98,273.72,,
20/12/14,284,288.99,255,268.56,252.99,68547.54,270.95,,
21/12/14,268.56,288.99,262.45,281,223.77,60869.05,272.01,,
22/12/14,285,297,281,295,171.16,50121.06,292.83,,
23/12/14,295,295,285,294,164.5,47669.55,289.79,,
24/12/14,294,319,291.2,318.27,64.96,19637.51,302.31,,
25/12/14,318.44,324.82,310,323.11,81.51,25948.51,318.35,,
26/12/14,325,380,325,349.12,178.88,64018.65,357.88,,
27/12/14,354.98,357.84,316.13,338,192.5,63711.07,330.96,,
28/12/14,339,352.85,292.02,304.99,331.66,108448.9,326.99,,
29/12/14,307,312.95,282.02,305.88,254.96,76098.36,298.47,,
30/12/14,305.88,315.69,294,295,137.82,41647.67,302.18,,
31/12/14,301.73,305.72,281,286.41,145.06,42212.15,290.99,,
1/1/15,283.06,295.99,275,295,115.02,32438.67,282.02,,
2/1/15,295.99,319.18,289,311.99,223.45,66856.03,299.2,,
3/1/15,305,322.38,294,303.28,235.42,72803.37,309.25,,
4/1/15,301,304.23,285,296.22,226.4,66967.29,295.79,,
5/1/15,298.15,300.28,281,285,112.07,32559.88,290.54,,
6/1/15,285,320,281,293.6,181.25,52233.24,288.19,,
7/1/15,293.3,304.88,289.41,299.05,81.17,23935.93,294.89,,
8/1/15,296.87,300.05,290,298.82,73.56,21561.22,293.1,,
9/1/15,294.83,302.41,283.54,293.97,219.44,64654.64,294.64,,
10/1/15,293.97,298.99,282.97,291.93,321.2,93072.96,289.77,,
11/1/15,291.93,319.95,290,300,240.93,71784.88,297.95,,
12/1/15,300,319.93,289.01,294.5,194.87,58004.37,297.66,,
13/1/15,294.5,314.49,291,309.13,112.04,33526.92,299.25,,
14/1/15,312.59,344.95,305.85,335.35,108.56,35393.73,326.02,,
15/1/15,336.33,347.09,302,307.59,91.95,29737.03,323.42,,
16/1/15,307.67,319.96,302.26,319.96,257.15,79847.63,310.51,,
17/1/15,329,347,306.1,322.99,177.78,56147.49,315.83,,
18/1/15,321,328,311.88,318,235.05,74616.07,317.45,,
19/1/15,318,324.6,311.21,322,104.09,32959.49,316.63,,
20/1/15,316.22,329.01,311.1,329,166.08,53255.88,320.67,,
21/1/15,327.89,328.42,321.46,321.46,82.39,26733.85,324.49,,
22/1/15,324.99,327,312,312,133.81,42254.74,315.77,,
23/1/15,316.9,326,312,321.99,186.11,59484.69,319.62,,
24/1/15,321.99,323,311.91,317,244.06,77596.38,317.93,,
25/1/15,317,318.44,305.19,311.89,160.65,50282.02,313,,
26/1/15,311.49,316.8,304,313.97,156.73,48452.49,309.14,,
27/1/15,309.51,333.44,307.92,333.44,144.76,46574.29,321.72,,
28/1/15,333.88,333.88,322,330,45.97,15006.17,326.4,,
29/1/15,328.97,334,322.83,333.99,93.95,30745,327.24,,
30/1/15,334,366.66,333.01,366.65,158.78,54995.53,346.36,,
31/1/15,365.99,388,356.05,374,309.96,113155.63,365.06,,
1/2/15,374,378,351,361.99,227.1,82584.98,363.65,,
2/2/15,362,363.1,347.5,357.41,186.54,66243.99,355.12,,
3/2/15,356.49,367.78,350,356.49,134.72,48600.92,360.74,,
4/2/15,364.35,366,350.8,359.97,67.28,24167.8,359.19,,
5/2/15,360,366,354.94,363.51,37.92,13632.87,359.55,,
6/2/15,356.01,380.01,356.01,380.01,160.36,59298.07,369.78,,
7/2/15,380.01,399,377.81,392.01,205.92,79635.43,386.74,,
8/2/15,390,399,385.03,398.98,191.5,74667.52,389.91,,
9/2/15,399,404,384,392.23,192.88,75733.75,392.64,,
10/2/15,392.23,398.3,381,384.63,181.27,70010.56,386.23,,
11/2/15,380.85,391.98,375,381.56,120.12,45599.86,379.62,,
12/2/15,378.34,386.33,375.01,378.06,63.74,24185.88,379.42,,
13/2/15,383.66,400,381.12,392.1,156.73,61621.05,393.16,,
14/2/15,391.8,406,388,390.91,175,69549.11,397.42,,
15/2/15,390.75,397.4,335,351.34,272.7,101829.54,373.42,,
16/2/15,351.73,397.4,338,359.07,235.04,83731.34,356.24,,
17/2/15,358,361.75,348.03,355.38,94.13,33186.77,352.57,,
18/2/15,353.97,354.79,344.9,346,62.88,21900.02,348.3,,
19/2/15,352.5,363.2,343.5,359.75,49,17153.46,350.09,,
20/2/15,352.29,364.99,350,359.57,177.06,63288.32,357.44,,
21/2/15,359.72,393,330,330.63,260.31,90569.59,347.93,,
22/2/15,345.67,345.85,316.29,324.96,131.53,43201.34,328.45,,
23/2/15,325.88,380,314.61,324.8,205,67479.08,329.17,,
24/2/15,324.8,379,316,329.19,257.62,85222.28,330.81,,
25/2/15,331.38,336.27,326,329.13,33.36,11041.69,330.96,,
26/2/15,331.09,336.99,304.13,333.06,85.06,27795.76,326.78,,
27/2/15,325.7,341.69,316.4,337.98,166.05,54235.01,326.62,,
28/2/15,338.35,382,324.26,325.25,336.41,113584.98,337.64,,
1/3/15,334.65,344,318.53,336.13,271.1,88886.94,327.87,,
2/3/15,348.89,375,317.78,339.83,274.24,93959.67,342.61,,
3/3/15,337,374.74,331.96,332.69,149.43,51256.94,343.02,,
4/3/15,337.93,343.14,329.5,339.98,34.91,11669.95,334.31,,
5/3/15,339.99,343.99,329.99,341.98,46.69,15809.37,338.6,,
6/3/15,344,349.78,337.84,341.51,65.2,22351.71,342.81,,
7/3/15,341.35,342.82,334.07,340.24,137.91,46554.51,337.57,,
8/3/15,339.79,357.02,320.55,325.07,395.6,134690.23,340.47,,
9/3/15,326.22,330.08,313.07,321.13,213.97,68674.17,320.95,,
10/3/15,321.97,323.43,307.8,316.05,191.65,60500.14,315.68,,
11/3/15,315.95,319.15,307.17,308.4,52.3,16266.88,311.06,,
12/3/15,316.4,317.83,309,309.22,30.15,9418.83,312.38,,
13/3/15,309.22,317.65,300,310,317.16,98231.03,309.72,,
14/3/15,309.9,316,287.3,301.72,537.53,161239.63,299.97,,
15/3/15,301.72,308.59,290.5,297.75,251.54,74592.89,296.54,,
16/3/15,297.75,373.7,292.22,300.78,334.11,102419.48,306.54,,
17/3/15,301.1,304.77,290.18,291.92,114.3,34008.44,297.55,,
18/3/15,293.98,293.98,287.16,289.58,59.63,17316.25,290.38,,
19/3/15,289.91,292.5,285.02,286.07,54.54,15761.46,288.99,,
20/3/15,287.3,303.14,285.51,291.58,252.86,74006.02,292.68,,
21/3/15,293.95,315.68,292.06,314.47,371.26,111521.27,300.38,,
22/3/15,318,318,302.6,309.11,238.39,73751.28,309.37,,
23/3/15,307.32,313.84,100,308.93,141.78,43130.84,304.21,,
24/3/15,303,308.94,293.03,299.95,112.44,33905.96,301.55,,
25/3/15,299.95,302.88,292,292.2,27.71,8253.26,297.79,,
26/3/15,297.01,297.01,276.43,284.28,80.89,23020.43,284.6,,
27/3/15,285.44,298.13,280.01,298.13,238.27,67804.03,284.57,,
28/3/15,297.15,298.09,282.84,287.91,298.79,86788.72,290.47,,
29/3/15,287.78,289.15,283,288.02,241.11,68801.14,285.35,,
30/3/15,288.87,296.95,283.54,296.77,173.2,49698.19,286.94,,
31/3/15,295.5,369,294.5,297.99,279.1,86135.16,308.62,,
1/4/15,297.96,302.37,287.47,292.12,70.09,20862.91,297.64,,
2/4/15,298.94,312.49,298.94,307,148.05,45312.49,306.07,,
3/4/15,307.96,315.07,305.39,309.9,216.59,66878,308.77,,
4/4/15,309.57,312.46,296.29,305.79,251.94,76683.24,304.38,,
5/4/15,306.48,310,294.02,301.93,188.17,56754.88,301.62,,
6/4/15,301.17,301.92,275,301.92,197.74,57466.82,290.61,,
7/4/15,300.03,313.14,297.6,309.5,355.3,107486.67,302.52,,
8/4/15,309.5,309.5,302.6,305.87,42.26,12946.15,306.35,,
9/4/15,302.65,310,301.01,308.36,121.31,37121.87,306.02,,
10/4/15,308.38,311.9,301.02,310.82,172.97,52941.58,306.08,,
11/4/15,310.56,311.72,301,305.3,216.32,66147.13,305.79,,
12/4/15,305.95,315.3,298,299.44,263.16,80203.69,304.77,,
13/4/15,298.53,312,290,296.23,366.7,109033.62,297.34,,
14/4/15,296.97,312.2,296.74,299.53,224.1,67714.78,302.16,,
15/4/15,304.36,308.87,295,295.53,111,33224.21,299.33,,
16/4/15,296.03,302.83,296.03,301.42,29.1,8719.98,299.65,,
17/4/15,301.42,310.5,291.84,295.46,282.85,84625.41,299.19,,
18/4/15,295.01,307.98,291.02,299.67,264.71,79466.86,300.2,,
19/4/15,299.67,309.46,296.71,301.69,292.53,88106.59,301.18,,
20/4/15,301.69,310,298.86,310,282.45,85949.59,304.3,,
21/4/15,303.97,310.47,299.22,310.47,130.64,39755.44,304.32,,
22/4/15,309.84,309.84,306.01,309.36,21.78,6707.76,308.03,,
23/4/15,306.09,310,304.02,307.22,78.47,24131.6,307.52,,
24/4/15,307.21,309.97,301,304.93,147.54,45172.81,306.16,,
25/4/15,304.78,316,302.07,308.02,326.98,101446.7,310.26,,
26/4/15,314.43,315,308.05,313.03,140.33,43590.35,310.63,,
27/4/15,311.5,316.17,305.02,314.5,332.48,103480.53,311.24,,
28/4/15,314.5,314.66,307.15,314.65,212.09,66008.8,311.23,,
29/4/15,314.59,314.59,304.5,304.5,154.67,47648.68,308.07,,
30/4/15,308.52,309.97,302.5,308.42,73.51,22573.25,307.09,,
1/5/15,303.52,311,299,303.72,406.78,124112.88,305.11,,
2/5/15,303.72,312.41,296,308.85,361.7,109467.24,302.65,,
3/5/15,308.75,309.9,299,308.97,304.58,93091.99,305.64,,
4/5/15,308.97,309.47,298,305.42,397.01,120142.46,302.62,,
5/5/15,304.78,304.78,296.01,298.93,93.75,28048.83,299.18,,
6/5/15,302.95,303.86,300.01,302.03,44.4,13393.9,301.7,,
7/5/15,303.86,305.08,296,296,49.74,15038.16,302.34,,
8/5/15,302.74,308.48,297.01,307.7,192.76,58448.75,303.23,,
9/5/15,308.38,310,302.98,310,135.92,41911.35,308.35,,
10/5/15,310,312.5,303.95,307.21,307.82,95123.26,309.02,,
11/5/15,307.22,311.83,303.88,306,282.32,86805.53,307.47,,
12/5/15,306,310.21,303.04,310.05,268.66,82735.81,307.96,,
13/5/15,310.06,311.97,308,309.3,55.45,17215.81,310.48,,
14/5/15,312.27,314.45,307.03,308.17,41.46,12920.81,311.64,,
15/5/15,314.3,320,309.04,318.22,256.2,81154.39,316.76,,
16/5/15,318.25,336.66,314,332,447.35,143438.51,320.64,,
17/5/15,328.73,337.85,326.53,335.03,589.05,195702.69,332.24,,
18/5/15,331.5,337.67,321.31,327.06,159.18,52328.94,328.74,,
19/5/15,327.06,335,320,323,146.32,47923.49,327.52,,
20/5/15,321.52,322.69,311.83,317.4,191.45,60618.72,316.63,,
21/5/15,319.01,322.74,313.7,321.6,36.5,11622.08,318.39,,
22/5/15,320.87,328.79,318.01,326.37,308.65,99311.23,321.76,,
23/5/15,326.3,327.99,315,318.29,301.2,96712.24,321.09,,
24/5/15,315.83,330,314,318.95,394.87,127313.57,322.42,,
25/5/15,317.8,319.94,312.83,317.23,167.07,52654.03,315.17,,
26/5/15,319.05,329.99,7.25,317.94,310.8,99340.62,319.63,,
27/5/15,319.14,327.13,314,327.12,89.15,28434.53,318.94,,
28/5/15,327.49,327.49,318.03,322,34.22,10999.75,321.4,,
29/5/15,321.97,334,318.03,334,285.97,93200.39,325.91,,
30/5/15,334,350,334,347.35,361.32,124154.32,343.62,,
31/5/15,349.45,424,333.66,348,452.62,159774.18,353,,
1/6/15,347.97,355.2,332.02,336.03,377.94,129700.35,343.18,,
2/6/15,333.42,339.22,330.04,338.44,172.33,57747.52,335.09,,
3/6/15,335.37,350,335.37,350,68.92,23740.9,344.49,,
4/6/15,349.99,365.35,346.03,363,56.95,20356.96,357.43,,
5/6/15,363,372.97,358.11,370.61,407.02,149559.31,367.45,,
6/6/15,369.7,376,359,361.32,571.98,208882.58,365.19,,
7/6/15,360.49,375,7,370.44,440,161102.9,366.14,,
8/6/15,369,375,364.95,372.42,378.33,139362.17,368.37,,
9/6/15,369.92,392,7,384.89,329.37,124601.85,378.3,,
10/6/15,384.99,392.5,379.06,389.02,167.36,64785.5,387.1,,
11/6/15,391.02,414.87,391.02,409.4,241.79,96789.33,400.31,,
12/6/15,409.4,427.73,380,399.98,516.21,209451.73,405.75,,
13/6/15,397.97,405,389,393.98,359.44,141476.11,393.6,,
14/6/15,393.61,402,389.5,396.36,388.2,153316.2,394.94,,
15/6/15,397,401.27,371.58,381.76,369.61,143527.2,388.32,,
16/6/15,380.31,382.97,365.01,379.99,316.48,118597.46,374.74,,
17/6/15,377.86,387.93,367.5,370.55,161.65,61028.11,377.53,,
18/6/15,372.79,378.28,365,374.48,106.99,39676.09,370.84,,
19/6/15,369.99,383.04,366,382.75,435.02,162222.86,372.91,,
20/6/15,382.82,390.37,374.56,378.22,438.05,167064.14,381.38,,
21/6/15,378.03,385,37.9,376,358.96,134609.2,375,,
22/6/15,375.27,385,368,374,449.53,168589.9,375.04,,
23/6/15,375.95,394.76,371.07,387.93,304.93,115816.58,379.82,,
24/6/15,385.9,396.5,384.03,394.62,98.42,38481.17,391,,
25/6/15,394.62,400,392.5,398.26,70.5,27899.58,395.76,,
26/6/15,400,425.9,393.99,408.85,466.39,188259.03,403.66,,
27/6/15,418.99,425,0.7,401.43,532.21,218895.25,411.3,,
28/6/15,406.61,413.43,394.68,407.44,414.72,167958.29,405,,
29/6/15,407.52,413.25,391,395.07,460.08,184273.38,400.53,,
30/6/15,395.07,400.99,385.01,390,284.59,111518.56,391.86,,
1/7/15,390,390.37,380,380.79,112.36,43254.33,384.97,,
2/7/15,384.93,390.98,384.27,390.98,48.6,18821.02,387.26,,
3/7/15,390.95,399.99,383.01,394.2,254.21,99426.61,391.12,,
4/7/15,397.79,402,385,394,303.71,119087.03,392.1,,
5/7/15,394,395,383.9,385.07,379.7,147991.55,389.76,,
6/7/15,388.14,388.2,380,382.29,265.25,102120.61,385,,
7/7/15,382.22,384.76,378,382.26,200.38,76252.3,380.54,,
8/7/15,380,384.99,361,361,144.22,53998.91,374.43,,
9/7/15,360.1,368.23,355,362,280.06,100862.96,360.14,,
10/7/15,362.53,371.99,362.53,370,378.66,138913.47,366.85,,
11/7/15,367,375.13,360.16,375.13,467.09,171169.45,366.46,,
12/7/15,375.13,384.12,371.69,379.5,247.3,93355.76,377.51,,
13/7/15,379.5,379.5,362.54,365.87,246.46,90739.7,368.17,,
14/7/15,365.87,371.92,360.56,367.33,169.17,61573.75,363.97,,
15/7/15,363.25,365.58,356.5,363.02,223.98,81095.85,362.06,,
16/7/15,360.62,366.47,355,366.47,115.6,41825.04,361.81,,
17/7/15,359.28,367.41,354.56,364.89,470.16,169521.47,360.56,,
18/7/15,364.7,364.89,310,310,641.62,227126.95,353.99,,
19/7/15,329.33,337.31,311,315.97,733.44,234673.47,319.96,,
20/7/15,315.63,331.33,315.03,325.31,405.92,131057.8,322.87,,
21/7/15,322.53,334.5,319.19,329.4,401.52,130071.19,323.95,,
22/7/15,329.4,329.55,315.04,322.5,235.43,76014.02,322.87,,
23/7/15,322.09,324.99,317.3,324.99,216.8,69366.26,319.96,,
24/7/15,322,326,306.38,313.86,691.1,217797.67,315.15,,
25/7/15,313,328,292,318,779.05,238624.9,306.3,,
26/7/15,319.04,332.97,317.34,323.21,545.98,176958.49,324.11,,
27/7/15,326.66,326.89,315.57,319.19,372.17,119184.28,320.24,,
28/7/15,318.24,328.78,310,326.71,381.48,121081.16,317.39,,
29/7/15,323.24,327.1,316,323.9,168.81,54250.77,321.37,,
30/7/15,325.22,325.22,311,319.87,213.87,68349.11,319.58,,
31/7/15,319.64,324.97,312.97,323.68,561.61,179487.7,319.6,,
1/8/15,322.9,329,317.3,324.48,534.29,171649.22,321.26,,
2/8/15,323.37,328.5,316.07,324.5,596.2,192285.89,322.52,,
3/8/15,324,330.97,320.02,323.11,369.93,119764.15,323.75,,
4/8/15,323.87,333.22,320.01,328,314.86,102543.74,325.68,,
5/8/15,328,342.38,325.03,342.38,104.82,34953.61,333.45,,
6/8/15,338.25,347.99,335.01,345.99,253.88,87073.79,342.97,,
7/8/15,345.99,346,341.51,345,248.95,85804.14,344.66,,
8/8/15,344,356.66,344,349,324.64,113546.26,349.76,,
9/8/15,349,350.67,331,337.95,432.88,147522.24,340.79,,
10/8/15,337.95,340.5,333.05,335,180.58,61070.06,338.18,,
11/8/15,339.63,340.5,335.51,338,97.14,32869.08,338.36,,
12/8/15,338,342.63,333,333,157.94,53135.49,336.42,,
13/8/15,333,336,321.4,325,178.78,58936.83,329.67,,
14/8/15,324.9,333.38,320.51,332.58,353.1,115136.7,326.08,,
15/8/15,331.15,335,323.16,329.99,501.46,163766.77,326.58,,
16/8/15,329.47,332.97,323.05,331.18,434.78,141998.69,326.6,,
17/8/15,325.6,332.92,322.46,324.32,482.84,157076.02,325.32,,
18/8/15,324.35,328.97,322.5,326.85,294.57,95793.84,325.2,,
19/8/15,325.35,328.17,323.27,323.3,66.75,21707.55,325.21,,
20/8/15,326,328.8,323.75,325,119.01,38826.77,326.23,,
21/8/15,326.99,329.17,318.25,318.45,499.61,161435.79,323.13,,
22/8/15,322.15,331,317.13,329.23,388.07,125486.16,323.36,,
23/8/15,329.72,332.74,325.38,329.97,445.64,146279.57,328.25,,
24/8/15,329.89,336.2,328.11,335.07,171.81,56958.55,331.52,,
25/8/15,334.92,342.34,333.75,338.3,321.4,108073.28,336.26,,
26/8/15,337.74,338.41,335.01,337.57,91.1,30594.73,335.83,,
27/8/15,336.6,337.64,335.03,337.14,86.47,29085.14,336.35,,
28/8/15,335.93,348.2,335,346.7,410.6,139673.39,340.17,,
29/8/15,343.74,346.6,329.54,342,465.16,158553,340.86,,
30/8/15,341.97,344,338.48,339.3,366.53,124744.3,340.34,,
31/8/15,339.2,344.97,338.01,340.1,247.16,84137.73,340.42,,
1/9/15,340.75,342.6,338.6,339.47,129.65,44073.23,339.94,,
2/9/15,339.7,340.4,338.3,340.4,87.22,29665.65,340.12,,
3/9/15,340.3,345.82,339.71,340.83,87.13,29769.47,341.67,,
4/9/15,341.62,346.99,336.58,344.96,227.53,77669.36,341.36,,
5/9/15,344.96,350,333,350,526.49,179465.22,340.87,,
6/9/15,349.9,350,323,343.43,470.73,161610.18,343.32,,
7/9/15,342.07,344.06,338.5,341.25,305,104082.08,341.25,,
8/9/15,341.58,343.36,338,339,112.62,38249.39,339.63,,
9/9/15,339.57,343.24,338.06,340.35,112.38,38224.43,340.13,,
10/9/15,340.78,344.53,339.1,344.4,84.52,28896.71,341.9,,
11/9/15,344.4,347.66,340,345,306.18,105110.71,343.3,,
12/9/15,344.99,349.99,338,349.27,285.97,98138.76,343.18,,
13/9/15,349.2,354.99,347.49,352.03,176.28,61964.82,351.52,,
14/9/15,352.1,354.14,345,352.89,272.87,95502.02,349.99,,
15/9/15,352.98,364.98,344.9,361.86,227.44,80137.34,352.34,,
16/9/15,363.89,376,362.42,374.99,161.81,60020.68,370.93,,
17/9/15,376.99,377.9,365.05,370,34.95,12993.9,371.79,,
18/9/15,369.76,376,366.33,375.84,107.23,39879.19,371.91,,
19/9/15,375.85,381.87,372,379.9,287.37,107838.56,375.26,,
20/9/15,379.79,383.87,369.8,377.89,256.2,96953.04,378.42,,
21/9/15,377.9,393.97,373.8,388.97,185.98,70767.43,380.51,,
22/9/15,388.86,394.65,386.1,388.95,235.81,91892.3,389.68,,
23/9/15,392,395.5,392,395.5,47.46,18699.1,394.03,,
24/9/15,395.47,411.9,395.47,400.04,238.36,96854.19,406.34,,
25/9/15,400.1,409.71,399.1,404.62,237.42,95705.54,403.1,,
26/9/15,407.75,423.99,404.1,423.89,251.89,104034.77,413.02,,
27/9/15,423.89,437.8,420.01,434.9,380.53,163658.51,430.08,,
28/9/15,434.9,461.48,430.03,457.56,242.55,107464.71,443.07,,
29/9/15,457.24,500,455.03,475.5,401.82,192725.27,479.63,,
30/9/15,482.5,493.5,427.1,442.9,339.99,156709.19,460.93,,
1/10/15,442.9,476.92,437.72,471,194.63,87458.27,449.36,,
2/10/15,474.75,523.1,469.75,523.1,310.86,151891.71,488.62,,
3/10/15,523.13,592.08,512.03,573,391.4,214248,547.38,,
4/10/15,573,700,544.62,602.57,712.46,445525.43,625.33,,
5/10/15,579.9,641.04,489.08,527.8,740.63,422193.14,570.05,,
6/10/15,550.38,579.98,501,540.75,337.67,179722.29,532.24,,
7/10/15,541.68,560,540.35,559.89,77.5,42654.51,550.4,,
8/10/15,556.9,558.69,528.35,545.27,109.28,59898.14,548.13,,
9/10/15,545.2,580,527.47,560,284.07,156367.01,550.45,,
10/10/15,561.12,561.78,425,489.87,557.28,285640.8,512.56,,
11/10/15,479.97,496.4,325,454.38,436.55,191835.2,439.43,,
12/10/15,455.31,493.51,446,487,323.94,150432.89,464.38,,
13/10/15,474.73,491.03,463.1,479.89,182.35,86593.35,474.88,,
14/10/15,479.89,487.07,470,480.97,114.17,54491.02,477.29,,
15/10/15,473.99,480.99,455.14,462.26,190.99,89217.22,467.14,,
16/10/15,461,474,451.9,462,372.44,171248.5,459.81,,
17/10/15,467.88,496.48,462.34,479.99,479.55,227962.77,475.37,,
18/10/15,479.99,482.59,461.91,474.9,272.79,129257.33,473.84,,
19/10/15,474.9,476.82,455,461.61,309.97,143840.28,464.04,,
20/10/15,460.37,462.51,444,459.12,192.12,86836.9,452,,
21/10/15,458.9,467,454.82,463.97,86.52,39883.41,460.95,,
22/10/15,462,466.97,452.41,463.95,118.15,54396.66,460.42,,
23/10/15,463.95,468.86,452.97,454.69,256.24,117979.09,460.43,,
24/10/15,459.06,465.33,444.5,447,276.41,124982.48,452.16,,
25/10/15,452.28,473.99,440.1,462.8,580.42,263231.56,453.52,,
26/10/15,462.18,499.12,456.68,483.61,311.19,147253.56,473.19,,
27/10/15,472,502,469.15,499.97,186.1,91400.88,491.15,,
28/10/15,489,502,489,495.1,41.73,20785.56,498.13,,
29/10/15,497,514.99,490.44,514.99,115.15,57358.49,498.13,,
30/10/15,514.5,559.21,514.5,536,245.2,131073.75,534.55,,
31/10/15,536,547.46,496.17,505,245.42,128460.76,523.44,,
1/11/15,511.91,511.91,481.44,499.99,233.36,114408.86,490.27,,
2/11/15,499.99,520.2,492.5,501.99,76.13,38390.24,504.3,,
3/11/15,502,519.77,487.15,515.89,138.73,69196.96,498.78,,
4/11/15,517.76,550,504.54,549.93,98.89,52112.54,526.98,,
5/11/15,545,560,525,540.1,284.01,154970.34,545.65,,
6/11/15,536.1,555.55,533.79,547.44,140.84,76388.98,542.37,,
7/11/15,552.5,571.37,539.91,571.37,327.44,180576.36,551.48,,
8/11/15,572.92,587.95,565,587.26,207.64,120478.96,580.23,,
9/11/15,587.24,587.95,568.1,578.9,98.6,56797.9,576.06,,
10/11/15,578.9,641.99,573.57,637.57,250.1,152309.82,608.99,,
11/11/15,636.97,650,579.51,611.9,291.8,178864.86,612.98,,
12/11/15,611.8,623.65,598,621.9,102.96,63412.83,615.91,,
13/11/15,619.88,645,608.07,635,215.64,133966.23,621.24,,
14/11/15,635,660,631.66,660,271.02,174363.2,643.35,,
15/11/15,659.96,660,630,640.7,281.54,182153.46,646.99,,
16/11/15,640.7,657.54,629.04,653.52,241.88,155951.81,644.74,,
17/11/15,652.9,657.96,644,654,108.68,70640.3,649.98,,
18/11/15,653.99,657.99,643.1,651.2,63.88,41569.53,650.75,,
19/11/15,643.37,651.15,617.6,627.57,230.78,146283.82,633.87,,
20/11/15,625.99,640.26,600.05,639.88,177.72,109655.86,617.02,,
21/11/15,638.15,643.38,613.53,621.83,167.81,105111.72,626.38,,
22/11/15,619.08,627.6,610,627.59,208.76,128840.05,617.16,,
23/11/15,625,641,618.27,629.96,109.84,69151.39,629.58,,
24/11/15,635.97,640.66,630,630,43.46,27466.65,632.05,,
25/11/15,635.5,636.21,579.26,599.9,263.9,159266.62,603.5,,
26/11/15,590,598.38,568.76,596.09,157.33,91430.88,581.15,,
27/11/15,595.2,605.69,582.1,584.6,64.5,38000.31,589.11,,
28/11/15,582.27,606.66,580.34,605.52,124.6,73874.45,592.9,,
29/11/15,605.04,608.5,590,594.45,129.98,78021.84,600.27,,
30/11/15,603.38,603.38,583.12,602.9,76.1,45286.95,595.12,,
1/12/15,600,609.96,597.25,605.96,123.69,74653.43,603.54,,
2/12/15,600.22,610.96,599.6,600.81,81.55,49251.42,603.97,,
3/12/15,599.9,609.38,588.86,599.46,132.26,78907.52,596.62,,
4/12/15,599.52,619.39,596,616.68,91.09,55208.89,606.08,,
5/12/15,617.74,618.5,606.49,607.59,221.16,135130.42,611,,
6/12/15,609.51,619.34,608.6,613,141.83,86943.15,613.03,,
7/12/15,613,647.99,609.64,645,311.18,197159.82,633.6,,
8/12/15,645,654.43,611.99,654.43,177.99,114811.17,645.06,,
9/12/15,654.43,656.59,644.1,653.88,53.56,34957.83,652.7,,
10/12/15,653.31,653.31,641.52,652.88,68.19,44143.43,647.32,,
11/12/15,651.06,658.5,636.5,650.66,398.41,258841.56,649.68,,
12/12/15,646.25,658.5,630,630,286.95,184414.58,642.67,,
13/12/15,626.01,643.02,618.1,639.14,407.37,256025.62,628.49,,
14/12/15,639.98,640,620,627.99,430.65,270400.27,627.89,,
15/12/15,626.35,627.99,548,550.07,523.5,311045.46,594.16,,
16/12/15,546.87,586.6,516,586.6,531.38,292304.98,550.09,,
17/12/15,586.59,599.99,569,583.34,156.88,91560.57,583.63,,
18/12/15,585.69,588.12,560.81,574,404.97,231153.2,570.79,,
19/12/15,579.96,580,562.01,568.61,217.61,123979.36,569.73,,
20/12/15,567.02,615,550.22,605,421.21,237179.64,563.09,,
21/12/15,604.99,609.9,563.68,589.79,121.15,72754.7,600.54,,
22/12/15,592.7,592.99,544.59,552.52,201.83,115249.13,571.03,,
23/12/15,555.56,570.9,555.54,557.83,85.56,47929.05,560.15,,
24/12/15,557.73,584.9,555.18,577.3,127.03,71761.99,564.9,,
25/12/15,577.31,581.91,565.01,571.76,215.91,123867.03,573.69,,
26/12/15,570,574.03,561.35,564.97,67.29,38218.19,567.94,,
27/12/15,564.99,572.82,561.25,567.14,134.31,76080.81,566.44,,
28/12/15,567.21,569.9,540.08,545.32,226.77,125605.85,553.88,,
29/12/15,544.01,560.82,521.39,536.75,329,178672.26,543.07,,
30/12/15,545.62,547.99,538.22,546.49,41.73,22760.63,545.47,,
31/12/15,546.49,547.99,530.08,535.95,123.73,66677.95,538.91,,
1/1/16,537.4,546.67,526.31,535.36,211.31,113601.02,537.6,,
2/1/16,535.67,544.49,532.96,539.09,266.17,143254.94,538.2,,
3/1/16,541.3,544.29,516.22,527.25,269.21,144298.85,536.01,,
4/1/16,522.01,557.53,521.91,541,261.46,139874.15,534.97,,
5/1/16,541.1,563.6,540.04,561,113.99,62809.22,550.99,,
6/1/16,554.01,554.01,535.55,541.1,80.78,43920.74,543.74,,
7/1/16,541.21,547.99,535.05,545.25,136.29,73944.91,542.56,,
8/1/16,543.38,552.42,538.23,542,327.88,179393.82,547.14,,
9/1/16,543.59,549.99,539.37,545.01,204.05,111331.66,545.6,,
10/1/16,545.82,562.89,541.01,549.99,277.87,153005.31,550.63,,
11/1/16,549.96,553.52,538.03,549.38,139.1,76377.97,549.09,,
12/1/16,550.28,559,536,555.49,197.5,108546.22,549.59,,
13/1/16,555.42,562.99,551.11,562.8,83.32,46608.46,559.39,,
14/1/16,562.8,583,562.8,583,157.91,89802.72,568.68,,
15/1/16,584.98,593.25,568.3,577.52,257.93,149929.79,581.28,,
16/1/16,576.55,594.9,571.36,591.51,279.92,162698.6,581.23,,
17/1/16,586.1,603.73,584,595,192.43,114249.47,593.71,,
18/1/16,594.89,608,590.37,605.99,97.73,58835.77,602.02,,
19/1/16,606.03,610,597.5,603.37,144.98,87460.94,603.25,,
20/1/16,603.9,618.5,598.64,618,85.63,52607.27,614.32,,
21/1/16,617.95,630,606.07,624.88,162.89,101162.08,621.06,,
22/1/16,624.44,624.61,611.5,614.39,169.68,104806,617.66,,
23/1/16,614.29,618,591.01,592.21,250.47,150916.76,602.53,,
24/1/16,599.95,612.21,590.1,610.29,139.76,83737.44,599.17,,
25/1/16,603.99,615.76,592.31,602.99,253.05,151895.24,600.26,,
26/1/16,602.99,609.99,595,609.99,144.23,86646.83,600.75,,
27/1/16,614.89,615,600.94,601.89,84.43,51741.09,612.84,,
28/1/16,602.9,625.99,600,612.59,213.83,130620.3,610.87,,
29/1/16,618.9,632.34,618.11,627.94,225.97,141851.57,627.73,,
30/1/16,631.36,633.5,613.61,626.43,204.27,127675.59,625.02,,
31/1/16,625.83,626.33,596.75,596.75,284.92,175056.28,614.4,,
1/2/16,596.75,601.98,585.04,588,314.23,186322.68,592.96,,
2/2/16,588,593.5,561.03,561.03,271.56,158490.51,583.64,,
3/2/16,561.82,597.64,550,566.95,139.14,78056.22,560.97,,
4/2/16,566.91,579.81,547,564.89,180.81,101362.68,560.6,,
5/2/16,569.17,579.49,556.19,575.44,421.64,238768.34,566.28,,
6/2/16,562.95,579.46,562,574.98,219.87,125376.76,570.24,,
7/2/16,574.18,574.59,558,566.51,223.18,126237.7,565.64,,
8/2/16,566.51,567.76,553,567.32,227.99,127376.2,558.68,,
9/2/16,566.59,575.49,555.01,566.79,146.63,82863.27,565.13,,
10/2/16,564.66,564.66,546.01,555.82,87.18,48269.96,553.69,,
11/2/16,555.95,561.86,546.01,561.86,141.32,78082.4,552.52,,
12/2/16,559.11,565,548.98,553.01,358.55,200150.35,558.22,,
13/2/16,562.89,569.99,553.86,567.97,209.05,117600.96,562.56,,
14/2/16,568.46,570,556.5,569.99,300.37,169742.11,565.11,,
15/2/16,561,569.41,556.3,562.63,186.45,104627.15,561.16,,
16/2/16,562.7,564.99,543.37,553.46,200.2,111094.03,554.91,,
17/2/16,547.7,552.75,543.01,551.27,61.78,33792.03,546.98,,
18/2/16,554,556.86,538,553,183.25,100229.71,546.97,,
19/2/16,553.58,560.94,539.79,558.91,392.08,214922.52,548.15,,
20/2/16,558.36,564.9,545.63,561.49,275.82,153552.11,556.7,,
21/2/16,555.45,561.85,545,556,150.99,83496.76,553,,
22/2/16,555.99,557,548,550.01,80.57,44604.03,553.64,,
23/2/16,553.58,559,548.36,555.71,70.39,39058.87,554.93,,
24/2/16,550,557.99,548.16,557.8,41.45,23034.23,555.78,,
25/2/16,557.8,567.67,548.43,567.57,98.15,54660.67,556.9,,
26/2/16,566.43,566.44,553.01,559.99,58.85,33129.41,562.93,,
27/2/16,559.99,577.52,543.01,550.01,307.15,171683.44,558.96,,
28/2/16,558.1,558.1,538,539.67,244.68,133052.2,543.77,,
29/2/16,540.09,550,540.08,549.91,189.34,103229.4,545.2,,
1/3/16,541.49,552.49,538.56,539.81,140.68,76604.81,544.52,,
2/3/16,539.51,552.85,539.32,549.99,73.83,40402.84,547.24,,
3/3/16,549.99,552.24,543.33,544.21,105.49,57693.92,546.92,,
4/3/16,548.72,553,539.12,549.41,226.78,123922.67,546.45,,
5/3/16,547.01,565,545,555.02,252.43,139554.46,552.84,,
6/3/16,562.37,562.43,548.09,558.89,185.11,102952.32,556.18,,
7/3/16,552.71,556.91,540.84,552.26,166.53,91311.37,548.33,,
8/3/16,550.82,560,545.62,546.18,132.96,73478.2,552.62,,
9/3/16,556.2,556.61,540.84,544.05,77.17,42120.12,545.8,,
10/3/16,551.2,560,544,553.99,102.31,56487.76,552.1,,
11/3/16,553.88,558.43,545.02,554.16,236.58,130248.98,550.55,,
12/3/16,555.27,560,550.52,555.99,189.89,105574.17,555.97,,
13/3/16,555.89,556.02,549.89,551.95,186.5,103106.99,552.84,,
14/3/16,555.89,558.99,546,550,215.11,118476.89,550.76,,
15/3/16,550,558.99,549.09,552.21,104.59,58082.94,555.34,,
16/3/16,556.87,557.16,552.21,556.91,57.18,31717.17,554.66,,
17/3/16,556.42,558.99,552.56,558.89,78.8,43863.72,556.64,,
18/3/16,558.89,560,554.11,555,257.3,143404.4,557.35,,
19/3/16,558.84,565,550.01,565,181.82,100978.21,555.36,,
20/3/16,564.98,575,555.01,569.89,224.79,126772.47,563.95,,
21/3/16,569.89,582,563.19,580,207.76,118824,571.93,,
22/3/16,571.16,584.99,571.16,584.35,218.05,126149.33,578.52,,
23/3/16,583.66,583.77,574.51,579.5,89.19,51582.76,578.35,,
24/3/16,579.5,599.5,579.5,599.5,70.08,41441.69,591.33,,
25/3/16,599.49,609.49,590,597.83,122.2,73329.5,600.06,,
26/3/16,605.59,610,596.5,604.08,482.27,291659.77,604.76,,
27/3/16,604.76,615,590.11,594.65,241.38,146689.08,607.72,,
28/3/16,590.61,598.61,577.01,596.52,349.59,205115.14,586.74,,
29/3/16,597.45,597.9,577.52,588.4,175.19,102677.86,586.1,,
30/3/16,591.47,596.5,585.01,585.02,72.21,42592.01,589.82,,
31/3/16,591.55,594.95,581,594.95,79.33,46817.75,590.15,,
1/4/16,594.89,594.99,575.56,585,246.93,145107.75,587.65,,
2/4/16,577.37,603.59,572.3,600,287.98,169005.95,586.87,,
3/4/16,599.88,601.99,589.02,599.94,154.83,92207.88,595.53,,
4/4/16,599.75,599.75,584.63,596.93,153.08,90948.56,594.12,,
5/4/16,596.41,619.5,591.01,619,126.09,76293.76,605.08,,
6/4/16,619,619.95,612,618.51,87.92,54225.45,616.75,,
7/4/16,616.8,622.99,609.95,614,71.06,43887.37,617.58,,
8/4/16,613.89,629.99,611.55,625.99,233.73,144854.48,619.76,,
9/4/16,625.99,634,610.01,612.11,369.07,229351.61,621.43,,
10/4/16,618.49,619.61,606.01,618.42,193.81,118968.06,613.83,,
11/4/16,619.45,620,609.5,619.95,165.05,101300.62,613.77,,
12/4/16,619.94,625.99,615.1,624.97,143.58,89268.73,621.72,,
13/4/16,624.87,628,618.41,624.85,86.59,54004.45,623.65,,
14/4/16,625.58,627.98,619.51,624.12,85.49,53341.52,623.98,,
15/4/16,627.87,632.46,622,630.74,264.46,165741.49,626.72,,
16/4/16,630.74,630.95,615.1,626.59,375.06,233301.15,622.03,,
17/4/16,627.48,629.99,618.76,628.99,202.78,126426.43,623.46,,
18/4/16,628.99,634,607.4,607.4,293.95,183783.56,625.23,,
19/4/16,613.37,626.77,606,618.89,257.54,157937.52,613.26,,
20/4/16,618.89,627.91,613.06,618.89,84.06,52049.98,619.21,,
21/4/16,618.89,627.89,610,614.94,167.47,103295.53,616.79,,
22/4/16,614.94,620,607.41,619.99,248.39,152739.86,614.91,,
23/4/16,619.99,628.4,615,618.2,230.49,143074.88,620.73,,
24/4/16,626.75,630,623.55,627.99,147.71,92749.88,627.93,,
25/4/16,628,634.99,621.01,628,195.87,122847.49,627.17,,
26/4/16,634.99,653.66,629.5,653.66,152.11,98340.79,646.51,,
27/4/16,653.46,690,650,690,176.18,118222.76,671.03,,
28/4/16,690,699,677.11,696.88,135.73,93658.79,690.03,,
29/4/16,697.34,759.99,681.01,738.15,382.3,277026.63,724.63,,
30/4/16,739.25,757.99,722.01,746.39,218.81,162874.62,744.35,,
1/5/16,743.11,748.1,728.01,743.89,180.77,132604.22,733.57,,
2/5/16,737.11,745.99,735,739.99,116.48,86035.48,738.64,,
3/5/16,739.89,782.9,735.15,774.89,242.87,184176.61,758.34,,
4/5/16,779.15,798.68,766.46,780.86,99.76,77823.89,780.13,,
5/5/16,780.86,799,771.46,793.89,55.54,43774.62,788.13,,
6/5/16,793.89,807.99,788.53,807.99,220.15,176109.63,799.95,,
7/5/16,805.5,811.98,778.5,786.57,357.82,285808.59,798.75,,
8/5/16,785.61,790.06,773.01,787.8,183.41,143188.8,780.7,,
9/5/16,787.8,793.48,773.1,785.38,165.73,129294.9,780.14,,
10/5/16,786.54,804,781.14,799.46,108.92,85864.74,788.31,,
11/5/16,799.22,825,795,825,127.23,102128.08,802.72,,
12/5/16,823,912,823,910.91,297,259606.87,874.11,,
13/5/16,911.89,973,904.91,967.99,516.65,488278.37,945.09,,
14/5/16,973,975.11,946,968.41,312.47,300150.96,960.56,,
15/5/16,967.63,967.63,919.21,960.32,444.24,418193.69,941.37,,
16/5/16,955.11,1060.59,955,1043.5,485.1,488376.08,1006.76,,
17/5/16,1043.5,1075.79,995.01,1037,473.84,488208.29,1030.33,,
18/5/16,1030.11,1060.99,1015,1040.1,233.93,241693.88,1033.21,,
19/5/16,1040.1,1055.99,1018.69,1054.99,134.32,140154.81,1043.48,,
20/5/16,1048.11,1075,801,1023.86,282.89,290643.79,1027.42,,
21/5/16,1039.58,1039.58,868.31,917.94,500.27,465468.24,930.44,,
22/5/16,917.94,949.97,803,824.89,437.46,386592.95,883.72,,
23/5/16,824.79,858.9,741.44,840.01,561.65,445323.95,792.88,,
24/5/16,848.16,1031.71,830.33,906.56,356.2,326256.4,915.95,,
25/5/16,919.99,977,876.01,927.16,171.25,159470.55,931.21,,
26/5/16,926.27,931.92,861.52,906.12,179.27,160026.38,892.67,,
27/5/16,885.89,924.07,860.02,919.36,306.79,273685.36,892.08,,
28/5/16,921,924.95,878.11,895,301.68,270424.49,896.38,,
29/5/16,888.06,907.95,861.02,877.19,329.33,288107.74,874.83,,
30/5/16,877.04,925,860.06,924.94,303.66,270114.44,889.54,,
31/5/16,920,934,899.6,918.9,175.7,161705.13,920.36,,
1/6/16,918.24,955.9,907.51,953.7,73.83,68698.89,930.45,,
2/6/16,953.7,953.79,895.15,903.95,239.98,218562,910.76,,
3/6/16,903.54,921.18,881.08,918.93,333.89,300855,901.07,,
4/6/16,920.49,925,898.96,913.6,248.93,226002.32,907.88,,
5/6/16,909.95,920,896.01,912.44,260.58,237265.86,910.52,,
6/6/16,910.1,914.99,825.9,861.07,417.46,366402.94,877.69,,
7/6/16,877.35,897.5,858.92,897.5,140.27,122461.13,873.02,,
8/6/16,895.62,899.41,855,880,193.06,169994,880.52,,
9/6/16,879.14,883.74,860.15,875.58,63.6,55459.21,871.99,,
10/6/16,875.58,894.25,870,884.87,326.2,287576.81,881.58,,
11/6/16,871.55,909.99,862.46,900.05,229.79,202192.02,879.89,,
12/6/16,895.08,900.65,877.76,879.01,242.07,214945.07,887.94,,
13/6/16,878.07,889.06,868.64,886.66,136.62,119751.57,876.54,,
14/6/16,886.66,897.9,872.53,886.57,192.37,169992.36,883.67,,
15/6/16,897.73,899,880.1,892,84.13,75155.53,893.35,,
16/6/16,880.12,923.41,880.12,915.18,108.88,99201.66,911.09,,
17/6/16,912,919.91,890.37,899.19,278.45,252015.07,905.06,,
18/6/16,907,913.94,894.04,913.02,268.59,242995.95,904.71,,
19/6/16,911.06,918.15,899,914.07,164.15,149346.69,909.84,,
20/6/16,905,914.29,888.05,905.55,244.96,221563.18,904.5,,
21/6/16,906.14,909.83,879,887.74,356.66,318483.03,892.97,,
22/6/16,889,900.69,875.01,893.94,58.91,52347.18,888.57,,
23/6/16,893.94,915,876.64,905.33,143.43,129692.06,904.24,,
24/6/16,905.12,906.12,880.01,896.3,236.32,210376.72,890.23,,
25/6/16,896.18,896.18,871.11,889.91,310.21,274096.51,883.58,,
26/6/16,887.16,894.96,871.34,885.11,281,247753.34,881.67,,
27/6/16,888.77,896.99,876.01,876.02,218.9,193706.38,884.89,,
28/6/16,890,895.1,859,862.1,111.9,97408.19,870.47,,
29/6/16,862.1,882.35,862.05,870.89,47.39,41322.24,871.95,,
30/6/16,863,863,820.04,820.04,218.4,183981.08,842.39,,
1/7/16,820.14,842.52,797.54,823.53,372.55,304930.04,818.5,,
2/7/16,814.4,822.55,670,734.63,651.69,496548.77,761.95,,
3/7/16,718.01,824.75,702,771.88,497.71,366456.07,736.29,,
4/7/16,770.88,797.06,752.05,773,391.1,300300.71,767.84,,
5/7/16,770.09,782.4,753.01,761,255.98,195907.29,765.33,,
6/7/16,761.17,788.91,755,778.04,137.39,104509.26,760.68,,
7/7/16,788.26,808.08,772.13,795.92,207.66,164995.49,794.54,,
8/7/16,795.87,797.71,774.32,783.05,186.91,146752.96,785.15,,
9/7/16,783.25,790.12,770.12,781.95,215.89,167885.07,777.64,,
10/7/16,772.81,784.94,770,783.15,298.78,231654.3,775.34,,
11/7/16,783,789.99,773.02,773.02,104.07,81193.38,780.17,,
12/7/16,773.02,783.36,761.02,778.92,135.16,104250.85,771.33,,
13/7/16,782.17,785,776.32,776.32,65.83,51360.45,780.24,,
14/7/16,780.85,781.34,750.5,762.54,137.09,105545.36,769.89,,
15/7/16,758,766.5,742.39,754.86,192.14,144878.39,754.01,,
16/7/16,754,769.99,741,754.16,279.47,209825.73,750.79,,
17/7/16,760,767.79,751.05,751.05,223.89,169493.22,757.05,,
18/7/16,760.83,761.39,741.02,745.01,215.3,161254.41,748.97,,
19/7/16,751,759.3,744.97,755,156.23,117212.12,750.24,,
20/7/16,755,761,742.17,759.99,62.31,46929.34,753.18,,
21/7/16,760,765,754.8,761,49.63,37810.53,761.91,,
22/7/16,762.94,789.74,762.94,765.26,217.68,168499.1,774.08,,
23/7/16,772.15,785,765.8,776.69,318.56,246027.16,772.31,,
24/7/16,769.93,780.89,761.7,774.95,287.39,220902.43,768.66,,
25/7/16,774.2,789.75,756,757.01,392.65,301910.63,768.91,,
26/7/16,761,774.49,751.09,760.58,182.33,137856.28,756.07,,
27/7/16,769.85,769.88,744.9,753.99,246.05,185707.94,754.77,,
28/7/16,753.95,774.08,746.73,762.5,61.67,46977.74,761.77,,
29/7/16,768.81,788.71,756.08,771.4,239.51,183831.14,767.52,,
30/7/16,774.98,784.72,763.25,771.35,349.79,269422.52,770.24,,
31/7/16,776.11,788.64,758.31,763.47,324.25,248842.18,767.44,,
1/8/16,770,772.85,757.01,761.8,316.77,242239.11,764.72,,
2/8/16,761.8,768.95,655,763,266.26,200562.42,753.25,,
3/8/16,756.5,789.75,749.99,789.75,78.34,59720.59,762.31,,
4/8/16,789.75,826.83,789,815.6,120.75,96689.97,800.75,,
5/8/16,814.99,829.45,792.01,808,128.98,104577.17,810.82,,
6/8/16,810,819.01,796.61,798.01,248.29,199697.26,804.29,,
7/8/16,806.71,819.52,797,808.53,293.94,237263.08,807.18,,
8/8/16,819.31,839.72,800.27,828.92,318.37,259519.09,815.16,,
9/8/16,826,839.59,813.03,838.43,245.05,202615.27,826.83,,
10/8/16,838.42,848.76,827.05,838.45,68.64,57193.13,833.28,,
11/8/16,835,849.08,803.28,824.12,168.43,139705.88,829.47,,
12/8/16,813.51,822.96,796.31,803.95,289.11,232668.77,804.78,,
13/8/16,805,823.78,796.32,805.23,137.76,110986.62,805.64,,
14/8/16,815.52,815.52,799.26,809.99,187.94,151628.89,806.79,,
15/8/16,809.99,816.94,804.01,812,197.1,159394.85,808.69,,
16/8/16,808.09,818.45,800,815.62,143.58,116058.38,808.34,,
17/8/16,814.92,824.1,808.08,820.9,65.78,53563.73,814.33,,
18/8/16,818.95,850.8,813.08,827.5,111.33,92447.39,830.39,,
19/8/16,834.99,849.85,810,825.41,425.95,350650.4,823.23,,
20/8/16,826.09,827.93,801.59,801.59,346.63,281038.79,810.77,,
21/8/16,801.08,813.97,789,798.03,317.4,252583.26,795.8,,
22/8/16,795,798.52,775.1,787.95,149.54,117503.19,785.78,,
23/8/16,787.97,805,775.21,800.63,168.72,133341.33,790.3,,
24/8/16,805,809.95,787.05,793.92,69.9,55500.18,794.01,,
25/8/16,794,809.84,786.2,786.2,113.84,90317.78,793.37,,
26/8/16,790,810,778.16,803.07,319.63,254752.04,797.03,,
27/8/16,800,806.48,790,793,299.38,238063.99,795.19,,
28/8/16,801.25,804.73,775.22,794.8,196.15,155074.65,790.61,,
29/8/16,794.8,806.99,784,796.79,211.42,167834.84,793.85,,
30/8/16,803.42,826.55,795.01,804.95,94.51,75941.86,803.51,,
31/8/16,801.5,811,800.18,810.95,98.03,79293.15,808.89,,
1/9/16,810.92,833.33,803,830.64,57.25,46608.08,814.12,,
2/9/16,818.48,829.49,801.18,829.38,74.63,60494.24,810.6,,
3/9/16,828.86,829.49,802,805.88,223.28,179931.67,805.86,,
4/9/16,805.88,820.97,803.34,820.05,114.55,92468.37,807.22,,
5/9/16,817,821,808.25,810.33,168.71,137007.19,812.08,,
6/9/16,816.49,816.58,803.21,816.49,123.09,99775.83,810.6,,
7/9/16,816.49,816.49,805.25,806.5,69.27,56158.97,810.72,,
8/9/16,806.55,816.47,805,814.73,125.01,100911.84,807.26,,
9/9/16,809,815,805.08,808.88,186.37,150892.56,809.64,,
10/9/16,808.88,859.99,806.77,857.98,138.18,115259.15,834.12,,
11/9/16,850.01,857.05,835,839.05,234.84,197738.17,842.01,,
12/9/16,848.38,855.98,836.21,849.1,254.99,215373.07,844.65,,
13/9/16,847.56,852,840,851.92,209.97,177613.34,845.9,,
14/9/16,845.2,849,841,841.34,46.44,39321.58,846.8,,
15/9/16,848.91,855,842.26,854.99,50.46,42794.24,848.02,,
16/9/16,853.88,855,841.02,841.02,263.38,223262.92,847.68,,
17/9/16,841.1,850.06,835,841,186.3,156468.73,839.89,,
18/9/16,847.17,847.27,817,831.24,246.58,205326.48,832.69,,
19/9/16,828.49,834.27,815,823.5,124.81,102426.73,820.66,,
20/9/16,823.26,836.22,818.05,832.94,181.28,149286.18,823.53,,
21/9/16,832.89,870,822,869.99,93.2,78566.77,843.04,,
22/9/16,869.95,873,851.96,860.92,49.15,42434.12,863.44,,
23/9/16,860.92,868.88,851.66,866.79,116.79,100665.66,861.94,,
24/9/16,866.73,879.64,852,868.8,231.5,199716.33,862.71,,
25/9/16,868.75,900,859.1,899.69,203.66,178910.89,878.48,,
26/9/16,899.94,910,876.95,908.88,153.52,138487.97,902.06,,
27/9/16,910,919.37,893.58,913.3,152.51,138413.23,907.58,,
28/9/16,914.44,948.99,908,930.61,140.71,130352.96,926.39,,
29/9/16,943.24,947.99,916.08,928.96,178.09,165198.13,927.63,,
30/9/16,917.69,929.87,899,920.25,160.89,147493.52,916.74,,
1/10/16,922.68,958.88,914.23,958.88,167.78,158418.52,944.23,,
2/10/16,949.01,965,926,965,177.11,168778.38,952.94,,
3/10/16,968.99,979.99,890,891.81,252.46,240206.16,951.47,,
4/10/16,924.46,938.55,890.02,932.63,231.64,212092.46,915.62,,
5/10/16,928.58,930.2,912.4,916.87,38.05,34865.9,916.29,,
6/10/16,921.92,947.75,916.87,925.13,56.08,52096.27,929.04,,
7/10/16,929.95,931.5,905.01,905.08,269.49,246935.63,916.31,,
8/10/16,908.28,919.94,900.79,917.5,127.19,115868.99,911.01,,
9/10/16,911,980.15,907.8,945,361.95,344873.3,952.81,,
10/10/16,945,952.09,925.5,939.95,129.24,121021.33,936.39,,
11/10/16,939.95,955,927.95,945.2,93.27,88085.98,944.37,,
12/10/16,945.92,954.85,925,945.87,62.38,58587.6,939.22,,
13/10/16,932.06,943.85,912,931.87,81.4,75284.47,924.91,,
14/10/16,923.16,946,922.31,927.81,176.2,164011.28,930.84,,
15/10/16,941.6,950,927.73,949,108.37,102374.97,944.69,,
16/10/16,941.08,988,935.01,967.87,349.46,332253.01,950.76,,
17/10/16,967.87,1000,946.13,998,177.01,174968.87,988.49,,
18/10/16,995,1030,984.65,1027.4,147.16,148497.3,1009.06,,
19/10/16,1015.14,1037.4,1001.29,1016.95,64.98,66327.22,1020.71,,
20/10/16,1005.3,1024,980.2,1008.87,139.49,140839.21,1009.68,,
21/10/16,1008.87,1020,990.01,1009.87,159.23,160458.14,1007.71,,
22/10/16,1005.08,1032.99,997,1030.99,208.35,210366.91,1009.68,,
23/10/16,1029,1031.9,996,1014.79,178.88,180503.4,1009.08,,
24/10/16,1014.77,1014.77,983,986.17,299.41,298763.65,997.85,,
25/10/16,1001.95,1007.85,983,989.87,203.38,201388.13,990.21,,
26/10/16,988,994.17,973.77,983.92,73.66,72418.78,983.12,,
27/10/16,979.92,993.8,973.38,989.45,53.7,52928.09,985.65,,
28/10/16,991.01,994.25,972,985,289.51,284592.8,983,,
29/10/16,993.63,1007,979.51,993.7,210.12,207730.94,988.61,,
30/10/16,979.85,1029.9,979.5,1014.77,166.05,165524.87,996.86,,
31/10/16,1010,1024.9,1000,1014.92,207.95,209958.21,1009.67,,
1/11/16,1014.92,1037.49,1011,1020.15,130.3,133350.86,1023.42,,
2/11/16,1020.15,1031.77,1008.08,1019.95,69.56,70844.75,1018.49,,
3/11/16,1019.92,1025,1010.08,1022.9,100.33,102026.81,1016.91,,
4/11/16,1022.9,1037.32,1004,1024.43,187.59,191520.63,1020.93,,
5/11/16,1024.43,1036.86,999.01,1016.97,274.4,277073.21,1009.75,,
6/11/16,1016.59,1022.99,1002.09,1017.58,275.27,279046.27,1013.72,,
7/11/16,1019.32,1019.61,1002,1005.08,289.17,291833.8,1009.2,,
8/11/16,1013.6,1020,1003.06,1014.58,283.9,286443.73,1008.96,,
9/11/16,1012.29,1021.88,1003.18,1011.2,90.37,91213.07,1009.28,,
10/11/16,1003.78,1019.56,989.01,1014.62,116.26,116781.42,1004.49,,
11/11/16,1014.31,1043.33,1005.18,1039.3,222.59,226590.05,1017.95,,
12/11/16,1038.9,1056,1023,1039.99,120.86,125934.09,1041.99,,
13/11/16,1030.13,1057.35,1025,1046,175.37,182881.66,1042.85,,
14/11/16,1045.87,1067.39,1037.07,1064.1,217.4,228019.71,1048.86,,
15/11/16,1059.76,1071.99,1045.01,1071.99,130.7,138317.14,1058.26,,
16/11/16,1072,1099,1070,1099,48.9,53033.04,1084.43,,
17/11/16,1099,1110,1075.11,1106.92,65.38,71713.28,1096.8,,
18/11/16,1106.92,1117.39,1083,1108.35,214.62,235280.08,1096.27,,
19/11/16,1108.35,1108.38,1057,1094.95,403.92,439398.98,1087.84,,
20/11/16,1094.92,1152,1087.22,1152,315.46,349882.94,1109.11,,
21/11/16,1151.99,1199.92,1148.01,1199.92,281.04,328718.06,1169.64,,
22/11/16,1199.92,1295,1198.89,1295,182.72,228620.15,1251.23,,
23/11/16,1295,1300,1263,1263,62.61,80412.67,1284.31,,
24/11/16,1274.49,1275.99,1209,1275.77,84.65,104586.74,1235.57,,
25/11/16,1272.7,1297.14,1245.34,1285,49.48,62686.4,1266.87,,
26/11/16,1286.71,1323.7,1265,1299.92,106.81,137308.15,1285.54,,
27/11/16,1300,1374.99,1300,1354.49,168.32,224998.89,1336.75,,
28/11/16,1366.95,1393.88,1350,1368.43,166.46,227233.78,1365.13,,
29/11/16,1364.08,1364.08,1308.13,1345,166.67,222799.14,1336.78,,
30/11/16,1345,1345,1306.01,1334.82,56.17,74329.53,1323.31,,
1/12/16,1334.9,1390,1330,1390,86.53,117659.84,1359.77,,
2/12/16,1360,1417.4,1360,1417.4,92.47,129680.58,1402.39,,
3/12/16,1417.4,1455,1405.67,1454.85,227.21,325883.42,1434.28,,
4/12/16,1432.15,1559,1425.06,1559,305.46,457767.39,1498.61,,
5/12/16,1559,1609,1188,1399.99,331.01,480005.54,1450.14,,
6/12/16,1362.56,1430,1200,1240,388.01,494022.56,1273.22,,
7/12/16,1239.74,1250.2,1122,1250.2,276.44,322615.98,1167.05,,
8/12/16,1204.61,1299.52,1204.56,1249.16,100.23,125225.19,1249.36,,
9/12/16,1263.69,1287.97,1200.01,1253.33,298.76,370278.05,1239.39,,
10/12/16,1252.77,1299.91,1203.16,1260.05,280.72,352800.08,1256.77,,
11/12/16,1260.08,1299.54,1050,1077.92,725.3,849606.91,1171.39,,
12/12/16,1062.35,1108.57,1001,1048.77,424.4,439835.8,1036.38,,
13/12/16,1091.41,1119.9,1040.01,1100,444.31,473263.43,1065.15,,
14/12/16,1109,1160.48,1100.14,1136.88,66.3,74365.33,1121.73,,
15/12/16,1128.15,1182,1097.69,1145.93,114.83,129410.28,1127.01,,
16/12/16,1103.12,1159.79,1103.12,1128.27,152.25,172096.11,1130.35,,
17/12/16,1134.87,1227.33,1120,1213.81,456.43,531775.84,1165.08,,
18/12/16,1215,1227.34,1155,1195.08,278.6,331848.78,1191.12,,
19/12/16,1194.95,1222,1184.6,1218.21,256.22,307660.01,1200.75,,
20/12/16,1203.13,1218.58,1180,1200,198.24,237051.28,1195.8,,
21/12/16,1206.39,1247.98,1200,1246.59,50.63,62706.64,1238.42,,
22/12/16,1247,1273.98,1200,1263.54,141.26,175955.03,1245.59,,
23/12/16,1261.02,1261.08,1245.01,1246,12.83,16052.03,1251.43,,
