Date,LTCBTC,open,high,low,close,vol_btc,vol_aud,weighted_price
14/4/14,0.02520,475,489,475,484.99,5.17,2495.14,482.58
15/4/14,0.02541,487,487,482,484,10.62,5140.15,484.01
16/4/14,0.02526,484,487.99,482,482,8.81,4278.31,485.36
17/4/14,0.02569,486,486,480,480,6.39,3091.29,483.94
18/4/14,0.02540,480,484.5,471.08,475,20.75,9905.5,477.45
19/4/14,0.02579,474,530,471.07,530,54.14,26459.8,488.72
20/4/14,0.02547,516,550.4,497.99,520,34.5,18393.83,533.22
21/4/14,0.02538,550.38,598.5,515,586.68,39.19,22135.91,564.8
22/4/14,0.02516,598.5,669.9,580.5,585,49.26,29701.54,602.92
23/4/14,0.02508,580,600,575.1,575.1,6.06,3522.35,581.32
24/4/14,0.02547,593,630,593,630,11.27,6960.31,617.57
25/4/14,0.02412,612,654.6,612,642.44,16.28,10312.45,633.41
26/4/14,0.02346,643.61,660,607,613,55.04,34534.93,627.42
27/4/14,0.02301,640,653.9,616.01,620.01,20.2,12831.22,635.27
28/4/14,0.02330,621.29,669.9,609,620,20.8,13191.26,634.27
29/4/14,0.02365,635.02,685,610.01,685,38.15,25252.85,661.96
30/4/14,0.02475,684,700,661.11,679,19.36,13240.16,684.03
1/5/14,0.02460,679,720,675,690,33.4,23441.88,701.91
2/5/14,0.02409,703.5,773.9,661,701.9,63.33,44999.73,710.56
3/5/14,0.02372,725,779.9,700.5,721.2,55.29,40368.16,730.06
4/5/14,0.02381,717.1,765,695,707,43.42,30993.2,713.78
5/5/14,0.02390,718.57,765,705,726,53.27,38830.01,728.92
6/5/14,0.02426,726,749.99,705.1,725.9,22.01,15964.33,725.28
7/5/14,0.02419,723.02,725,709,715,9.64,6912.66,716.84
8/5/14,0.02412,711,712,708,708,6.7,4763.28,710.63
10/5/14,0.02406,711,711.01,700,711.01,8.26,5805.47,702.55
11/5/14,0.02393,709,739,700,711,40.64,29104.92,716.2
12/5/14,0.02380,727,727,685,685,25.14,17754.81,706.18
13/5/14,0.02376,685,717,610,642.64,38.82,26135.73,673.3
14/5/14,0.02369,620,671.28,608.83,609.91,30.11,19553.4,649.33
15/5/14,0.02360,620.12,645.09,597.54,605,17.26,10721.78,621.19
16/5/14,0.02335,595.52,646.69,595.52,646.69,7.56,4583.08,606.18
17/5/14,0.02333,656.8,700,621.56,643.14,19.75,12947.76,655.57
18/5/14,0.02332,644.4,655,630,654.5,9.8,6330.98,646.02
19/5/14,0.02329,654.5,670.58,644.65,655,17.85,11854.11,664.2
20/5/14,0.02226,660,700,655.09,658.07,22.97,15335.05,667.48
21/5/14,0.02177,651.2,680,630,658.99,20.25,13252.11,654.37
22/5/14,0.02057,656.37,656.37,626,627,13.64,8750.18,641.5
23/5/14,0.02152,626,662,626,657.83,9.56,6283.72,657.16
24/5/14,0.02142,649.57,659,629.52,646.96,11.31,7272.09,642.78
25/5/14,0.02029,646.65,661,627,641.32,35.58,22830.43,641.71
26/5/14,0.01984,627.1,634.29,612,615.07,40.69,25466.39,625.89
27/5/14,0.01968,645.1,645.1,611.35,624.5,24.68,15340.25,621.53
28/5/14,0.01928,624.5,633,411,632.5,57.97,34168.43,589.38
29/5/14,0.01922,625,650,590,627.01,15.9,9817.35,617.58
30/5/14,0.01838,630,650,625,625,8.67,5470.67,631
31/5/14,0.01768,625,700,625,680,33.87,22413.69,661.79
1/6/14,0.01746,680,701.53,667.27,690,41.23,28514.12,691.53
2/6/14,0.01754,694.99,700,678,700,24.45,16874.55,690.15
3/6/14,0.01734,695,710.1,686,699.99,32.55,22833.03,701.55
4/6/14,0.01723,699.99,706,681.5,703.71,21.1,14703.04,696.84
5/6/14,0.01724,684,701.8,681.5,683.6,11.16,7719.94,691.81
6/6/14,0.01722,683.6,700,676.1,676.1,2.48,1692.97,683.17
7/6/14,0.01711,698.99,698.99,674.9,674.9,14.76,10089.71,683.52
8/6/14,0.01722,689.99,690,670.11,671.1,14.32,9805.86,684.99
9/6/14,0.01735,688.02,688.87,671.22,683,9.99,6836.93,684.17
10/6/14,0.01706,671.31,683.6,661.1,661.1,28.01,18831.14,672.22
11/6/14,0.01724,661.1,681.5,661.06,680,5.31,3552.7,669.09
12/6/14,0.01726,670,680.9,665.05,680,8.7,5849.28,672.01
13/6/14,0.01699,676,680,665.1,665.1,6.57,4417.38,672.41
14/6/14,0.01720,678,701,665.39,680,25.37,17424.81,686.78
15/6/14,0.01707,680,682.1,670,670,20.66,13963.58,675.72
16/6/14,0.01630,677.9,694.91,666.5,679.99,39.05,26537.46,679.57
17/6/14,0.01585,667.9,681,655,680,26.23,17612.45,671.51
18/6/14,0.01605,681,684.5,661.02,679.99,16.73,11307.02,675.88
19/6/14,0.01691,665,677,662,665.01,4.14,2779.12,670.54
20/6/14,0.01658,676.95,679.99,656.44,656.44,4.21,2804.01,666.37
21/6/14,0.01654,675,683.04,658.33,671,16.93,11325.96,668.81
22/6/14,0.01628,671,689,665.28,675,24.23,16488.67,680.63
23/6/14,0.01642,675,678.99,673,678.82,17.86,12058.56,675.05
24/6/14,0.01640,681,682,634.01,641,34.44,22939.76,666.09
25/6/14,0.01625,658,663.99,635.01,645,13.77,9059.61,657.75
26/6/14,0.01573,658,658,630,640.01,14.83,9515.25,641.43
27/6/14,0.01555,640,640.01,630,630.1,9.83,6267.27,637.31
28/6/14,0.01538,636.99,657.9,601.01,638.99,15.83,9854.57,622.61
29/6/14,0.01497,638.99,689,630,679.99,60.79,39324.26,646.84
1/7/14,0.01325,679.99,679.99,611.83,630,15.13,9520.12,629.08
2/7/14,0.01268,629.99,632.95,601,626,19.39,12095.74,623.85
3/7/14,0.01253,635,640,626,640,18.84,11999.41,637
4/7/14,0.01168,615,638.99,615,636.99,29.64,18335.62,618.65
5/7/14,0.01172,636.99,639.99,618.1,630,7.01,4450.69,634.99
6/7/14,0.01120,630,645,628,635,23.45,14906.56,635.61
7/7/14,0.01215,635,650,615,621,40.56,25977.91,640.41
8/7/14,0.01230,621,639.99,615.1,639.99,11.45,7194.5,628.55
9/7/14,0.01247,639.89,639.9,621.01,631.2,11.4,7220.44,633.44
10/7/14,0.01259,630.99,638,630.99,638,20.2,12871.51,637.27
11/7/14,0.01248,638,645,631,631.99,6.25,3989.64,638.11
12/7/14,0.01386,642.99,643.99,634,643.98,4.3,2751.31,639.38
13/7/14,0.01438,634,644.98,625,634.98,34.88,22341.11,640.47
14/7/14,0.01402,634.97,639,615.15,629,31.86,19930.58,625.48
15/7/14,0.01400,624.99,624.99,565,598.99,26.48,16002.96,604.4
16/7/14,0.01364,594.25,595,550,562.5,25.67,14650.14,570.66
17/7/14,0.01393,567.99,567.99,541,553.57,17.45,9675.19,554.49
18/7/14,0.01408,531.9,585,526,560,9.17,5043.2,549.81
19/7/14,0.01407,566.89,573.97,526.01,526.01,7.88,4317.63,547.94
20/7/14,0.01382,557.53,558,490.99,517,38.01,20107.76,529
21/7/14,0.01389,505,539,495,529.99,51.65,26584.28,514.72
22/7/14,0.01389,530,599.8,511,583,26.99,14479.39,536.45
23/7/14,0.01372,575,582.99,535,582.98,21.58,12319.6,570.99
24/7/14,0.01330,578.98,582.97,551,552.02,36.12,20263.57,560.97
25/7/14,0.01265,552.02,572.97,530.12,530.22,13.2,7283.3,551.93
26/7/14,0.01279,530.22,556.81,530,547,5.04,2718.38,539.75
27/7/14,0.01312,547,557.9,530,544,27.3,14949.17,547.61
28/7/14,0.01296,557.69,557.9,538,555,37.74,20810.54,551.37
29/7/14,0.01310,557.99,570,555,556.99,23.77,13320.74,560.48
30/7/14,0.01294,560,560,538,549.99,9.11,4984.31,546.99
31/7/14,0.01293,542.11,558.96,542.1,556.64,10.62,5866.09,552.13
2/8/14,0.01303,551.62,553.92,512,520.67,10.83,5840.54,539.16
4/8/14,0.01268,520.57,549.96,520.56,520.56,16.24,8824.13,543.42
6/8/14,0.01235,520,539.89,511,537.88,52.72,27175.17,515.48
7/8/14,0.01225,537.98,569.99,530.01,564.9,26.83,14643.75,545.87
8/8/14,0.01196,536.11,564.89,520.05,528,42.3,22710.55,536.94
9/8/14,0.01178,528,539.98,515.04,528.5,16.53,8698.12,526.15
10/8/14,0.01180,528.5,540.99,528.5,534.6,10.65,5725.09,537.48
11/8/14,0.01066,528,539.86,521.01,522.12,16.23,8640.41,532.41
12/8/14,0.00994,511,538,511,534,13.91,7212.89,518.47
13/8/14,0.00916,533.78,533.89,510,520,28.27,14595.95,516.35
14/8/14,0.00998,529.49,529.49,515,524.87,15.86,8340.54,525.92
15/8/14,0.01017,515.22,548,515,532.2,17.29,9226.91,533.7
16/8/14,0.00967,546,546,511,525.12,27.09,14476.56,534.47
17/8/14,0.00910,540.99,542.99,519,525.1,10.86,5722.97,526.9
18/8/14,0.00819,535.99,535.99,513.5,531.99,12.07,6380.18,528.61
19/8/14,0.00942,516.5,529.94,500.99,505,17.94,9074.71,505.87
20/8/14,0.01087,530,534.99,520,525,23.09,12225.92,529.6
21/8/14,0.01105,525,534.4,520.4,520.4,35.11,18611.89,530.14
22/8/14,0.01028,530,534.98,501.02,526.94,74.43,39126.16,525.65
23/8/14,0.00969,511,530,495,496,69.43,35031.07,504.56
24/8/14,0.01073,513.95,513.95,450.02,498.39,16.11,7849.5,487.34
25/8/14,0.01042,479.78,498.38,441.62,450,27.42,12785.31,466.36
26/8/14,0.01081,441.62,489.88,415,453.1,21.56,9802.96,454.72
27/8/14,0.01054,474.69,485,450,479,20.18,9587.27,475.04
28/8/14,0.01031,479,503,453,502,95.58,45160.22,472.49
29/8/14,0.01056,493,500.9,459,480,29.44,14492.11,492.26
30/8/14,0.01031,476.01,490.99,475,485.98,31.23,15096.02,483.37
31/8/14,0.01017,485.5,485.98,451,477.99,31.51,14933.84,473.93
1/9/14,0.01024,477.9,480,460.1,478.9,9.97,4776.98,478.93
2/9/14,0.01016,478.8,478.9,440,440,22.27,10211.99,458.48
3/9/14,0.01026,426.71,460,408,448.9,37.58,16293.02,433.56
4/9/14,0.01072,439,469.9,435,458.99,29.67,13345.53,449.74
5/9/14,0.01032,454.99,465,437,464.9,24.25,10945.08,451.35
6/9/14,0.01030,462.9,463,440,459,51.7,23426.43,453.14
7/9/14,0.01068,459,459,415.02,417.1,45.75,20098.75,439.36
8/9/14,0.01063,415.13,430.1,388,399.89,52.34,21161.05,404.3
10/9/14,0.01070,385,479,250.5,478.79,45.68,17555.36,384.32
4/10/14,0.01186,400,413.9,322,395,49.86,18405.97,369.12
16/10/14,0.01054,415,449,381.82,424,55.98,22741.26,406.22
18/10/14,0.01046,408,425,395,414.99,132.3,54779.11,414.04
19/10/14,0.01029,414.99,448,399,419,103.6,43089.37,415.93
20/10/14,0.01028,419.1,450,410,429.99,90.86,39083.54,430.15
21/10/14,0.01026,445,445,414.43,426,88.86,37620.58,423.36
22/10/14,0.01013,421.1,446,415,434.99,391.62,166234.32,424.48
23/10/14,0.01045,425.01,446,415,446,45.38,19965.42,439.92
24/10/14,0.01052,445.6,499.99,445.5,478.73,94.45,44693.15,473.17
25/10/14,0.01054,479.9,486.99,450,465,96.91,45041.95,464.8
26/10/14,0.01053,465,480,442.51,468.69,67.75,31391.91,463.33
27/10/14,0.01079,455,464,420,457.45,64.96,28897.47,444.84
28/10/14,0.01090,445,451.5,420.23,451.21,22.8,9945.03,436.17
29/10/14,0.01107,449.99,449.99,410,444.97,27.45,11735.46,427.52
30/10/14,0.01099,444.97,459.99,429.96,447,91.58,40886.73,446.48
31/10/14,0.01111,448,454,430.5,439,150.69,66002.01,438
1/11/14,0.01107,445,455.18,430.72,439.99,92.53,41006.91,443.16
2/11/14,0.01109,439.99,449,410,423.49,133.94,57407.92,428.61
3/11/14,0.01104,422.05,425,402.98,412.03,109.13,45013.48,412.49
4/11/14,0.01099,419.99,420,388.32,404.98,107.55,43383.22,403.39
5/11/14,0.01077,395.11,415.01,395.11,404.01,22.17,8918.11,402.32
6/11/14,0.01049,409.99,428,404.04,419.9,117.79,48654.42,413.05
7/11/14,0.01047,419,429,410,423.99,87.29,36693.77,420.36
8/11/14,0.01100,424,424,390,399.22,125.51,51380.03,409.38
9/11/14,0.01013,399.22,412.72,383,406.11,77.34,30693.42,396.87
13/11/14,0.00987,400,408,386,396,86.67,34597.05,399.2
14/11/14,0.01002,400,402,373,382.2,67.44,25984.61,385.29
15/11/14,0.01026,379.99,390.72,375,390.19,25.86,9909.15,383.24
16/11/14,0.01005,389,394,376.42,389.75,95.76,36926.7,385.61
17/11/14,0.01002,389.84,389.94,376.1,386.98,101.57,38990.21,383.89
18/11/14,0.00999,386.99,412,386.39,401.05,95.59,38009.57,397.64
19/11/14,0.01004,410.89,419.99,404,419.99,98.1,40535.61,413.23
20/11/14,0.01008,419.99,423,403.97,406.1,76.44,31773.09,415.64
21/11/14,0.00996,406.74,414,402.52,410,20.37,8310.53,407.91
22/11/14,0.00994,407.27,422,406.62,421.49,48.27,19868.81,411.65
23/11/14,0.00978,423,435,410.52,434.9,90.35,38411.98,425.13
24/11/14,0.00955,427.04,439.99,422.09,434.9,104.98,45463.03,433.07
25/11/14,0.00949,433,499.88,433,488,130.54,59572.5,456.36
26/11/14,0.00968,488,545,455.09,489.19,160.57,81684.64,508.72
27/11/14,0.00965,501,508,450.59,457.5,114.88,54539.45,474.74
28/11/14,0.00953,457.6,472.76,440,450,42.6,19257.13,452.08
29/11/14,0.00949,446.52,472.4,446.04,465.15,26.56,12278.83,462.35
30/11/14,0.00944,466,485,451.52,469.9,77.51,36802.05,474.8
1/12/14,0.00938,465.44,470,444.5,453,98.57,44966.43,456.18
2/12/14,0.00951,453,464.45,442.17,444.53,68.25,30858.1,452.14
3/12/14,0.00958,444.53,453.99,419.47,427,59.83,26182.35,437.62
4/12/14,0.00963,420.5,428.87,410,411.81,98.56,40973.69,415.73
5/12/14,0.00956,411.8,434,410.9,414.37,47.01,19982.31,425.09
6/12/14,0.00962,420,435.99,413.04,435.99,17.34,7419.1,427.77
7/12/14,0.00992,435,454,427.55,440.01,67.84,29782.89,439.03
8/12/14,0.01007,445.92,465,445.92,449.16,100.3,45711.09,455.76
9/12/14,0.00996,447.69,449.34,432,444.39,73.27,32406.78,442.27
10/12/14,0.01005,444.4,449.99,430.97,438,54.94,24211.23,440.72
11/12/14,0.00992,444,448,423.11,448,126.01,55437.29,439.95
12/12/14,0.00986,448,450,439.44,439.44,14.36,6438.75,448.37
13/12/14,0.00996,439.25,445,430.1,430.6,21.66,9479.65,437.71
14/12/14,0.00993,437,459.98,437,455,104.01,46803.98,450.01
15/12/14,0.00999,457.42,463.91,446.01,451.07,116.52,53244.03,456.95
16/12/14,0.00920,463.91,466.59,450,457.01,75.01,34273.98,456.95
17/12/14,0.00925,456,463.99,445.6,459.99,77.98,35490.79,455.13
18/12/14,0.00902,457.99,457.99,435.01,454.07,71.15,31830.65,447.39
19/12/14,0.00904,454.07,463.5,450,450.3,47.6,21638.1,454.61
20/12/14,0.00892,453.5,463.04,445.25,458.94,37.27,16900.97,453.53
21/12/14,0.00885,457.5,465,446,448.1,95.53,43793.31,458.42
22/12/14,0.00872,450.06,454,430.01,443.84,129.65,57494.72,443.44
23/12/14,0.00859,441.4,443.9,428.6,428.6,163.3,70949.78,434.49
24/12/14,0.00844,426.59,450.99,416.35,430.67,171.03,74187.01,433.77
25/12/14,0.00849,434.58,443.47,430.5,440.49,106.98,46707.32,436.61
26/12/14,0.00847,438.5,440.5,426,430,77.71,33439.53,430.3
27/12/14,0.00861,428.38,438.7,424.33,438.7,35.78,15441.52,431.56
28/12/14,0.00859,438.7,438.87,425,436,125.47,54476.63,434.17
29/12/14,0.00861,436.15,438.87,410,421,247.84,105060.82,423.91
30/12/14,0.00875,419.87,424.4,396,408.76,252.82,103230.28,408.32
31/12/14,0.00864,408.88,419,380,398,234.38,93406.77,398.53
1/1/15,0.00859,401,405,375,396,137.07,53726.84,391.96
2/1/15,0.00849,389.7,417.99,381,409.03,77.12,31157.79,404.03
3/1/15,0.00759,413,436.15,400,407.75,56.93,23568.98,414.03
4/1/15,0.00741,400.1,421.77,400.1,418,92.61,38187.45,412.33
5/1/15,0.00764,417.9,434.3,408,417,152.9,64057.35,418.94
6/1/15,0.00753,417.88,420,401.99,408.99,71.84,29523.38,410.94
8/1/15,0.00712,406,407,400,400,49.34,19805.92,401.44
9/1/15,0.00693,400.01,406.2,392.25,406.2,60.32,24083.46,399.26
10/1/15,0.00606,405.24,405.24,392.52,395,35.07,13930.94,397.29
11/1/15,0.00657,399.99,399.99,390.66,392.42,10.07,3960.81,393.43
12/1/15,0.00642,396,405.9,383.67,396.48,115.41,45543.01,394.61
13/1/15,0.00707,386,402,383.1,390.99,139.05,54595.43,392.63
14/1/15,0.00665,390.89,396.8,383.93,396.8,60.2,23479.27,390.01
15/1/15,0.00618,399.7,399.7,380.51,386.6,25.53,9978.15,390.87
16/1/15,0.00674,386.5,404,384.54,399.99,54.73,21732.02,397.08
17/1/15,0.00662,399.99,404,355,355,142.62,54062.09,379.07
18/1/15,0.00639,350,360.7,327,341.89,100.67,34555.27,343.24
19/1/15,0.00629,342,355,331.91,341.99,130.98,44866.73,342.53
20/1/15,0.00633,342.5,358.9,338,358.9,194.28,67143.59,345.6
21/1/15,0.00606,359,363.9,350.1,363.9,224.87,80824.94,359.44
22/1/15,0.00612,363.9,368.06,350.01,350.23,174.81,62643.14,358.35
23/1/15,0.00618,356.94,360,347.97,357,167.07,58980.46,353.02
24/1/15,0.00752,357.1,359.99,336.45,338.25,118.95,41135.27,345.82
25/1/15,0.00893,339.99,339.99,326,330.81,43.95,14730.21,335.18
26/1/15,0.00784,332.99,347,324.49,337.31,147.24,48918.67,332.24
27/1/15,0.00797,337.21,344.5,271.1,282.12,534.02,162625.23,304.53
28/1/15,0.00802,282.12,298.98,223,254.69,441.49,112275.26,254.31
29/1/15,0.00831,236,288,232.71,264.72,320.33,80578.73,251.55
30/1/15,0.00835,264.41,293.99,260.74,265.52,154.41,41901.31,271.36
31/1/15,0.00856,265.43,270.95,245.97,251.15,184.21,47627.28,258.55
1/2/15,0.00809,251.25,269.5,232,259.75,85.67,21460.06,250.5
2/2/15,0.00782,265.81,293.5,260,283.99,236.44,64716.98,273.72
3/2/15,0.00807,284,288.99,255,268.56,252.99,68547.54,270.95
4/2/15,0.00800,268.56,288.99,262.45,281,223.77,60869.05,272.01
5/2/15,0.00803,285,297,281,295,171.16,50121.06,292.83
6/2/15,0.00807,295,295,285,294,164.5,47669.55,289.79
7/2/15,0.00795,294,319,291.2,318.27,64.96,19637.51,302.31
8/2/15,0.00800,318.44,324.82,310,323.11,81.51,25948.51,318.35
9/2/15,0.00789,325,380,325,349.12,178.88,64018.65,357.88
10/2/15,0.00801,354.98,357.84,316.13,338,192.5,63711.07,330.96
11/2/15,0.00790,339,352.85,292.02,304.99,331.66,108448.9,326.99
12/2/15,0.00796,307,312.95,282.02,305.88,254.96,76098.36,298.47
13/2/15,0.00774,305.88,315.69,294,295,137.82,41647.67,302.18
14/2/15,0.00740,301.73,305.72,281,286.41,145.06,42212.15,290.99
15/2/15,0.00782,283.06,295.99,275,295,115.02,32438.67,282.02
16/2/15,0.00754,295.99,319.18,289,311.99,223.45,66856.03,299.2
17/2/15,0.00767,305,322.38,294,303.28,235.42,72803.37,309.25
18/2/15,0.00774,301,304.23,285,296.22,226.4,66967.29,295.79
19/2/15,0.00770,298.15,300.28,281,285,112.07,32559.88,290.54
20/2/15,0.00757,285,320,281,293.6,181.25,52233.24,288.19
21/2/15,0.00757,293.3,304.88,289.41,299.05,81.17,23935.93,294.89
22/2/15,0.00759,296.87,300.05,290,298.82,73.56,21561.22,293.1
23/2/15,0.00758,294.83,302.41,283.54,293.97,219.44,64654.64,294.64
24/2/15,0.00762,293.97,298.99,282.97,291.93,321.2,93072.96,289.77
25/2/15,0.00759,291.93,319.95,290,300,240.93,71784.88,297.95
26/2/15,0.00761,300,319.93,289.01,294.5,194.87,58004.37,297.66
27/2/15,0.00760,294.5,314.49,291,309.13,112.04,33526.92,299.25
28/2/15,0.00758,312.59,344.95,305.85,335.35,108.56,35393.73,326.02
1/3/15,0.00731,336.33,347.09,302,307.59,91.95,29737.03,323.42
2/3/15,0.00729,307.67,319.96,302.26,319.96,257.15,79847.63,310.51
3/3/15,0.00698,329,347,306.1,322.99,177.78,56147.49,315.83
4/3/15,0.00715,321,328,311.88,318,235.05,74616.07,317.45
5/3/15,0.00705,318,324.6,311.21,322,104.09,32959.49,316.63
6/3/15,0.00708,316.22,329.01,311.1,329,166.08,53255.88,320.67
7/3/15,0.00695,327.89,328.42,321.46,321.46,82.39,26733.85,324.49
8/3/15,0.00680,324.99,327,312,312,133.81,42254.74,315.77
9/3/15,0.00690,316.9,326,312,321.99,186.11,59484.69,319.62
10/3/15,0.00689,321.99,323,311.91,317,244.06,77596.38,317.93
11/3/15,0.00684,317,318.44,305.19,311.89,160.65,50282.02,313
12/3/15,0.00693,311.49,316.8,304,313.97,156.73,48452.49,309.14
13/3/15,0.00698,309.51,333.44,307.92,333.44,144.76,46574.29,321.72
14/3/15,0.00705,333.88,333.88,322,330,45.97,15006.17,326.4
15/3/15,0.00707,328.97,334,322.83,333.99,93.95,30745,327.24
16/3/15,0.00698,334,366.66,333.01,366.65,158.78,54995.53,346.36
17/3/15,0.00695,365.99,388,356.05,374,309.96,113155.63,365.06
18/3/15,0.00695,374,378,351,361.99,227.1,82584.98,363.65
19/3/15,0.00681,362,363.1,347.5,357.41,186.54,66243.99,355.12
20/3/15,0.00679,356.49,367.78,350,356.49,134.72,48600.92,360.74
21/3/15,0.00673,364.35,366,350.8,359.97,67.28,24167.8,359.19
22/3/15,0.00667,360,366,354.94,363.51,37.92,13632.87,359.55
23/3/15,0.00668,356.01,380.01,356.01,380.01,160.36,59298.07,369.78
24/3/15,0.00676,380.01,399,377.81,392.01,205.92,79635.43,386.74
25/3/15,0.00682,390,399,385.03,398.98,191.5,74667.52,389.91
26/3/15,0.00684,399,404,384,392.23,192.88,75733.75,392.64
27/3/15,0.00681,392.23,398.3,381,384.63,181.27,70010.56,386.23
28/3/15,0.00673,380.85,391.98,375,381.56,120.12,45599.86,379.62
29/3/15,0.00683,378.34,386.33,375.01,378.06,63.74,24185.88,379.42
30/3/15,0.00678,383.66,400,381.12,392.1,156.73,61621.05,393.16
31/3/15,0.00675,391.8,406,388,390.91,175,69549.11,397.42
1/4/15,0.00674,390.75,397.4,335,351.34,272.7,101829.54,373.42
2/4/15,0.00669,351.73,397.4,338,359.07,235.04,83731.34,356.24
3/4/15,0.00666,358,361.75,348.03,355.38,94.13,33186.77,352.57
4/4/15,0.00665,353.97,354.79,344.9,346,62.88,21900.02,348.3
5/4/15,0.00658,352.5,363.2,343.5,359.75,49,17153.46,350.09
6/4/15,0.00655,352.29,364.99,350,359.57,177.06,63288.32,357.44
7/4/15,0.00657,359.72,393,330,330.63,260.31,90569.59,347.93
8/4/15,0.00661,345.67,345.85,316.29,324.96,131.53,43201.34,328.45
9/4/15,0.00651,325.88,380,314.61,324.8,205,67479.08,329.17
10/4/15,0.00644,324.8,379,316,329.19,257.62,85222.28,330.81
11/4/15,0.00622,331.38,336.27,326,329.13,33.36,11041.69,330.96
12/4/15,0.00621,331.09,336.99,304.13,333.06,85.06,27795.76,326.78
13/4/15,0.00621,325.7,341.69,316.4,337.98,166.05,54235.01,326.62
14/4/15,0.00625,338.35,382,324.26,325.25,336.41,113584.98,337.64
15/4/15,0.00614,334.65,344,318.53,336.13,271.1,88886.94,327.87
16/4/15,0.00618,348.89,375,317.78,339.83,274.24,93959.67,342.61
17/4/15,0.00634,337,374.74,331.96,332.69,149.43,51256.94,343.02
18/4/15,0.00629,337.93,343.14,329.5,339.98,34.91,11669.95,334.31
19/4/15,0.00626,339.99,343.99,329.99,341.98,46.69,15809.37,338.6
20/4/15,0.00627,344,349.78,337.84,341.51,65.2,22351.71,342.81
21/4/15,0.00613,341.35,342.82,334.07,340.24,137.91,46554.51,337.57
22/4/15,0.00619,339.79,357.02,320.55,325.07,395.6,134690.23,340.47
23/4/15,0.00616,326.22,330.08,313.07,321.13,213.97,68674.17,320.95
24/4/15,0.00615,321.97,323.43,307.8,316.05,191.65,60500.14,315.68
25/4/15,0.00617,315.95,319.15,307.17,308.4,52.3,16266.88,311.06
26/4/15,0.00607,316.4,317.83,309,309.22,30.15,9418.83,312.38
27/4/15,0.00603,309.22,317.65,300,310,317.16,98231.03,309.72
28/4/15,0.00605,309.9,316,287.3,301.72,537.53,161239.63,299.97
29/4/15,0.00608,301.72,308.59,290.5,297.75,251.54,74592.89,296.54
30/4/15,0.00610,297.75,373.7,292.22,300.78,334.11,102419.48,306.54
1/5/15,0.00604,301.1,304.77,290.18,291.92,114.3,34008.44,297.55
2/5/15,0.00607,293.98,293.98,287.16,289.58,59.63,17316.25,290.38
3/5/15,0.00597,289.91,292.5,285.02,286.07,54.54,15761.46,288.99
4/5/15,0.00590,287.3,303.14,285.51,291.58,252.86,74006.02,292.68
5/5/15,0.00598,293.95,315.68,292.06,314.47,371.26,111521.27,300.38
6/5/15,0.00601,318,318,302.6,309.11,238.39,73751.28,309.37
7/5/15,0.00611,307.32,313.84,100,308.93,141.78,43130.84,304.21
8/5/15,0.00604,303,308.94,293.03,299.95,112.44,33905.96,301.55
9/5/15,0.00598,299.95,302.88,292,292.2,27.71,8253.26,297.79
10/5/15,0.00599,297.01,297.01,276.43,284.28,80.89,23020.43,284.6
11/5/15,0.00595,285.44,298.13,280.01,298.13,238.27,67804.03,284.57
12/5/15,0.00596,297.15,298.09,282.84,287.91,298.79,86788.72,290.47
13/5/15,0.00607,287.78,289.15,283,288.02,241.11,68801.14,285.35
14/5/15,0.00610,288.87,296.95,283.54,296.77,173.2,49698.19,286.94
15/5/15,0.00612,295.5,369,294.5,297.99,279.1,86135.16,308.62
16/5/15,0.00616,297.96,302.37,287.47,292.12,70.09,20862.91,297.64
17/5/15,0.00615,298.94,312.49,298.94,307,148.05,45312.49,306.07
18/5/15,0.00618,307.96,315.07,305.39,309.9,216.59,66878,308.77
19/5/15,0.00623,309.57,312.46,296.29,305.79,251.94,76683.24,304.38
20/5/15,0.00623,306.48,310,294.02,301.93,188.17,56754.88,301.62
21/5/15,0.00626,301.17,301.92,275,301.92,197.74,57466.82,290.61
22/5/15,0.00740,300.03,313.14,297.6,309.5,355.3,107486.67,302.52
23/5/15,0.00612,309.5,309.5,302.6,305.87,42.26,12946.15,306.35
24/5/15,0.00749,302.65,310,301.01,308.36,121.31,37121.87,306.02
25/5/15,0.00754,308.38,311.9,301.02,310.82,172.97,52941.58,306.08
26/5/15,0.00611,310.56,311.72,301,305.3,216.32,66147.13,305.79
27/5/15,0.00611,305.95,315.3,298,299.44,263.16,80203.69,304.77
28/5/15,0.00613,298.53,312,290,296.23,366.7,109033.62,297.34
29/5/15,0.00613,296.97,312.2,296.74,299.53,224.1,67714.78,302.16
30/5/15,0.00613,304.36,308.87,295,295.53,111,33224.21,299.33
31/5/15,0.00614,296.03,302.83,296.03,301.42,29.1,8719.98,299.65
1/6/15,0.00715,301.42,310.5,291.84,295.46,282.85,84625.41,299.19
2/6/15,0.00613,295.01,307.98,291.02,299.67,264.71,79466.86,300.2
3/6/15,0.00612,299.67,309.46,296.71,301.69,292.53,88106.59,301.18
4/6/15,0.00740,301.69,310,298.86,310,282.45,85949.59,304.3
5/6/15,0.00764,303.97,310.47,299.22,310.47,130.64,39755.44,304.32
6/6/15,0.00780,309.84,309.84,306.01,309.36,21.78,6707.76,308.03
7/6/15,0.00776,306.09,310,304.02,307.22,78.47,24131.6,307.52
9/6/15,0.00790,307.21,309.97,301,304.93,147.54,45172.81,306.16
10/6/15,0.00713,304.78,316,302.07,308.02,326.98,101446.7,310.26
11/6/15,0.00779,314.43,315,308.05,313.03,140.33,43590.35,310.63
12/6/15,0.00784,311.5,316.17,305.02,314.5,332.48,103480.53,311.24
13/6/15,0.00800,314.5,314.66,307.15,314.65,212.09,66008.8,311.23
14/6/15,0.00853,314.59,314.59,304.5,304.5,154.67,47648.68,308.07
16/6/15,0.01019,308.52,309.97,302.5,308.42,73.51,22573.25,307.09
17/6/15,0.01159,303.52,311,299,303.72,406.78,124112.88,305.11
18/6/15,0.01237,303.72,312.41,296,308.85,361.7,109467.24,302.65
20/6/15,0.01226,308.75,309.9,299,308.97,304.58,93091.99,305.64
21/6/15,0.01220,308.97,309.47,298,305.42,397.01,120142.46,302.62
22/6/15,0.01220,304.78,304.78,296.01,298.93,93.75,28048.83,299.18
24/6/15,0.01177,302.95,303.86,300.01,302.03,44.4,13393.9,301.7
25/6/15,0.01174,303.86,305.08,296,296,49.74,15038.16,302.34
26/6/15,0.01174,302.74,308.48,297.01,307.7,192.76,58448.75,303.23
27/6/15,0.01229,308.38,310,302.98,310,135.92,41911.35,308.35
28/6/15,0.01232,310,312.5,303.95,307.21,307.82,95123.26,309.02
29/6/15,0.01455,307.22,311.83,303.88,306,282.32,86805.53,307.47
30/6/15,0.01530,306,310.21,303.04,310.05,268.66,82735.81,307.96
1/7/15,0.01540,310.06,311.97,308,309.3,55.45,17215.81,310.48
2/7/15,0.01586,312.27,314.45,307.03,308.17,41.46,12920.81,311.64
3/7/15,0.01624,314.3,320,309.04,318.22,256.2,81154.39,316.76
4/7/15,0.01590,318.25,336.66,314,332,447.35,143438.51,320.64
5/7/15,0.01700,328.73,337.85,326.53,335.03,589.05,195702.69,332.24
6/7/15,0.02078,331.5,337.67,321.31,327.06,159.18,52328.94,328.74
7/7/15,0.02005,327.06,335,320,323,146.32,47923.49,327.52
8/7/15,0.02261,321.52,322.69,311.83,317.4,191.45,60618.72,316.63
9/7/15,0.02966,319.01,322.74,313.7,321.6,36.5,11622.08,318.39
10/7/15,0.01476,320.87,328.79,318.01,326.37,308.65,99311.23,321.76
11/7/15,0.01483,326.3,327.99,315,318.29,301.2,96712.24,321.09
12/7/15,0.01706,315.83,330,314,318.95,394.87,127313.57,322.42
13/7/15,0.01614,317.8,319.94,312.83,317.23,167.07,52654.03,315.17
14/7/15,0.01626,319.05,329.99,7.25,317.94,310.8,99340.62,319.63
15/7/15,0.01475,319.14,327.13,314,327.12,89.15,28434.53,318.94
16/7/15,0.01307,327.49,327.49,318.03,322,34.22,10999.75,321.4
17/7/15,0.01384,321.97,334,318.03,334,285.97,93200.39,325.91
18/7/15,0.01429,334,350,334,347.35,361.32,124154.32,343.62
19/7/15,0.01379,349.45,424,333.66,348,452.62,159774.18,353
20/7/15,0.01368,347.97,355.2,332.02,336.03,377.94,129700.35,343.18
21/7/15,0.01376,333.42,339.22,330.04,338.44,172.33,57747.52,335.09
22/7/15,0.01386,335.37,350,335.37,350,68.92,23740.9,344.49
23/7/15,0.01369,349.99,365.35,346.03,363,56.95,20356.96,357.43
24/7/15,0.01573,363,372.97,358.11,370.61,407.02,149559.31,367.45
25/7/15,0.01625,369.7,376,359,361.32,571.98,208882.58,365.19
26/7/15,0.01601,360.49,375,7,370.44,440,161102.9,366.14
27/7/15,0.01594,369,375,364.95,372.42,378.33,139362.17,368.37
29/7/15,0.01669,369.92,392,7,384.89,329.37,124601.85,378.3
30/7/15,0.01610,384.99,392.5,379.06,389.02,167.36,64785.5,387.1
31/7/15,0.01625,391.02,414.87,391.02,409.4,241.79,96789.33,400.31
1/8/15,0.01491,409.4,427.73,380,399.98,516.21,209451.73,405.75
2/8/15,0.01465,397.97,405,389,393.98,359.44,141476.11,393.6
3/8/15,0.01540,393.61,402,389.5,396.36,388.2,153316.2,394.94
4/8/15,0.01538,397,401.27,371.58,381.76,369.61,143527.2,388.32
5/8/15,0.01540,380.31,382.97,365.01,379.99,316.48,118597.46,374.74
6/8/15,0.01463,377.86,387.93,367.5,370.55,161.65,61028.11,377.53
7/8/15,0.01500,372.79,378.28,365,374.48,106.99,39676.09,370.84
8/8/15,0.01506,369.99,383.04,366,382.75,435.02,162222.86,372.91
9/8/15,0.01471,382.82,390.37,374.56,378.22,438.05,167064.14,381.38
10/8/15,0.01493,378.03,385,37.9,376,358.96,134609.2,375
11/8/15,0.01515,375.27,385,368,374,449.53,168589.9,375.04
12/8/15,0.01501,375.95,394.76,371.07,387.93,304.93,115816.58,379.82
13/8/15,0.01463,385.9,396.5,384.03,394.62,98.42,38481.17,391
14/8/15,0.01520,394.62,400,392.5,398.26,70.5,27899.58,395.76
15/8/15,0.01514,400,425.9,393.99,408.85,466.39,188259.03,403.66
16/8/15,0.01533,418.99,425,0.7,401.43,532.21,218895.25,411.3
17/8/15,0.01546,406.61,413.43,394.68,407.44,414.72,167958.29,405
18/8/15,0.01544,407.52,413.25,391,395.07,460.08,184273.38,400.53
19/8/15,0.01527,395.07,400.99,385.01,390,284.59,111518.56,391.86
20/8/15,0.01537,390,390.37,380,380.79,112.36,43254.33,384.97
21/8/15,0.01534,384.93,390.98,384.27,390.98,48.6,18821.02,387.26
22/8/15,0.01526,390.95,399.99,383.01,394.2,254.21,99426.61,391.12
23/8/15,0.01501,397.79,402,385,394,303.71,119087.03,392.1
24/8/15,0.01428,394,395,383.9,385.07,379.7,147991.55,389.76
25/8/15,0.01374,388.14,388.2,380,382.29,265.25,102120.61,385
26/8/15,0.01319,382.22,384.76,378,382.26,200.38,76252.3,380.54
27/8/15,0.01305,380,384.99,361,361,144.22,53998.91,374.43
28/8/15,0.01266,360.1,368.23,355,362,280.06,100862.96,360.14
29/8/15,0.01253,362.53,371.99,362.53,370,378.66,138913.47,366.85
30/8/15,0.01238,367,375.13,360.16,375.13,467.09,171169.45,366.46
31/8/15,0.01234,375.13,384.12,371.69,379.5,247.3,93355.76,377.51
1/9/15,0.01236,379.5,379.5,362.54,365.87,246.46,90739.7,368.17
2/9/15,0.01230,365.87,371.92,360.56,367.33,169.17,61573.75,363.97
3/9/15,0.01157,363.25,365.58,356.5,363.02,223.98,81095.85,362.06
4/9/15,0.01177,360.62,366.47,355,366.47,115.6,41825.04,361.81
5/9/15,0.01242,359.28,367.41,354.56,364.89,470.16,169521.47,360.56
6/9/15,0.01276,364.7,364.89,310,310,641.62,227126.95,353.99
7/9/15,0.01267,329.33,337.31,311,315.97,733.44,234673.47,319.96
8/9/15,0.01254,315.63,331.33,315.03,325.31,405.92,131057.8,322.87
9/9/15,0.01236,322.53,334.5,319.19,329.4,401.52,130071.19,323.95
10/9/15,0.01232,329.4,329.55,315.04,322.5,235.43,76014.02,322.87
11/9/15,0.01230,322.09,324.99,317.3,324.99,216.8,69366.26,319.96
12/9/15,0.01215,322,326,306.38,313.86,691.1,217797.67,315.15
13/9/15,0.01220,313,328,292,318,779.05,238624.9,306.3
14/9/15,0.01235,319.04,332.97,317.34,323.21,545.98,176958.49,324.11
15/9/15,0.01224,326.66,326.89,315.57,319.19,372.17,119184.28,320.24
16/9/15,0.01213,318.24,328.78,310,326.71,381.48,121081.16,317.39
17/9/15,0.01254,323.24,327.1,316,323.9,168.81,54250.77,321.37
18/9/15,0.01271,325.22,325.22,311,319.87,213.87,68349.11,319.58
19/9/15,0.01239,319.64,324.97,312.97,323.68,561.61,179487.7,319.6
20/9/15,0.01229,322.9,329,317.3,324.48,534.29,171649.22,321.26
21/9/15,0.01233,323.37,328.5,316.07,324.5,596.2,192285.89,322.52
22/9/15,0.01231,324,330.97,320.02,323.11,369.93,119764.15,323.75
23/9/15,0.01235,323.87,333.22,320.01,328,314.86,102543.74,325.68
24/9/15,0.01247,328,342.38,325.03,342.38,104.82,34953.61,333.45
25/9/15,0.01230,338.25,347.99,335.01,345.99,253.88,87073.79,342.97
26/9/15,0.01224,345.99,346,341.51,345,248.95,85804.14,344.66
27/9/15,0.01227,344,356.66,344,349,324.64,113546.26,349.76
28/9/15,0.01261,349,350.67,331,337.95,432.88,147522.24,340.79
29/9/15,0.01275,337.95,340.5,333.05,335,180.58,61070.06,338.18
30/9/15,0.01276,339.63,340.5,335.51,338,97.14,32869.08,338.36
1/10/15,0.01271,338,342.63,333,333,157.94,53135.49,336.42
2/10/15,0.01257,333,336,321.4,325,178.78,58936.83,329.67
3/10/15,0.01266,324.9,333.38,320.51,332.58,353.1,115136.7,326.08
4/10/15,0.01258,331.15,335,323.16,329.99,501.46,163766.77,326.58
5/10/15,0.01256,329.47,332.97,323.05,331.18,434.78,141998.69,326.6
6/10/15,0.01263,325.6,332.92,322.46,324.32,482.84,157076.02,325.32
7/10/15,0.01262,324.35,328.97,322.5,326.85,294.57,95793.84,325.2
8/10/15,0.01261,325.35,328.17,323.27,323.3,66.75,21707.55,325.21
9/10/15,0.01273,326,328.8,323.75,325,119.01,38826.77,326.23
10/10/15,0.01269,326.99,329.17,318.25,318.45,499.61,161435.79,323.13
11/10/15,0.01275,322.15,331,317.13,329.23,388.07,125486.16,323.36
13/10/15,0.01267,329.72,332.74,325.38,329.97,445.64,146279.57,328.25
14/10/15,0.01242,329.89,336.2,328.11,335.07,171.81,56958.55,331.52
15/10/15,0.01216,334.92,342.34,333.75,338.3,321.4,108073.28,336.26
16/10/15,0.01181,337.74,338.41,335.01,337.57,91.1,30594.73,335.83
17/10/15,0.01137,336.6,337.64,335.03,337.14,86.47,29085.14,336.35
18/10/15,0.01145,335.93,348.2,335,346.7,410.6,139673.39,340.17
19/10/15,0.01158,343.74,346.6,329.54,342,465.16,158553,340.86
20/10/15,0.01141,341.97,344,338.48,339.3,366.53,124744.3,340.34
21/10/15,0.01151,339.2,344.97,338.01,340.1,247.16,84137.73,340.42
22/10/15,0.01133,340.75,342.6,338.6,339.47,129.65,44073.23,339.94
23/10/15,0.01125,339.7,340.4,338.3,340.4,87.22,29665.65,340.12
24/10/15,0.01104,340.3,345.82,339.71,340.83,87.13,29769.47,341.67
25/10/15,0.01077,341.62,346.99,336.58,344.96,227.53,77669.36,341.36
26/10/15,0.01093,344.96,350,333,350,526.49,179465.22,340.87
27/10/15,0.01045,349.9,350,323,343.43,470.73,161610.18,343.32
28/10/15,0.01023,342.07,344.06,338.5,341.25,305,104082.08,341.25
29/10/15,0.01200,341.58,343.36,338,339,112.62,38249.39,339.63
30/10/15,0.01205,339.57,343.24,338.06,340.35,112.38,38224.43,340.13
31/10/15,0.01166,340.78,344.53,339.1,344.4,84.52,28896.71,341.9
1/11/15,0.01158,344.4,347.66,340,345,306.18,105110.71,343.3
2/11/15,0.01162,344.99,349.99,338,349.27,285.97,98138.76,343.18
3/11/15,0.01133,349.2,354.99,347.49,352.03,176.28,61964.82,351.52
4/11/15,0.01014,352.1,354.14,345,352.89,272.87,95502.02,349.99
5/11/15,0.00984,352.98,364.98,344.9,361.86,227.44,80137.34,352.34
6/11/15,0.00939,363.89,376,362.42,374.99,161.81,60020.68,370.93
7/11/15,0.00921,376.99,377.9,365.05,370,34.95,12993.9,371.79
8/11/15,0.00920,369.76,376,366.33,375.84,107.23,39879.19,371.91
9/11/15,0.00889,375.85,381.87,372,379.9,287.37,107838.56,375.26
10/11/15,0.00924,379.79,383.87,369.8,377.89,256.2,96953.04,378.42
11/11/15,0.00958,377.9,393.97,373.8,388.97,185.98,70767.43,380.51
12/11/15,0.00974,388.86,394.65,386.1,388.95,235.81,91892.3,389.68
13/11/15,0.00969,392,395.5,392,395.5,47.46,18699.1,394.03
14/11/15,0.00957,395.47,411.9,395.47,400.04,238.36,96854.19,406.34
15/11/15,0.00967,400.1,409.71,399.1,404.62,237.42,95705.54,403.1
16/11/15,0.00966,407.75,423.99,404.1,423.89,251.89,104034.77,413.02
17/11/15,0.00959,423.89,437.8,420.01,434.9,380.53,163658.51,430.08
18/11/15,0.00954,434.9,461.48,430.03,457.56,242.55,107464.71,443.07
19/11/15,0.00960,457.24,500,455.03,475.5,401.82,192725.27,479.63
20/11/15,0.00971,482.5,493.5,427.1,442.9,339.99,156709.19,460.93
21/11/15,0.00962,442.9,476.92,437.72,471,194.63,87458.27,449.36
22/11/15,0.00968,474.75,523.1,469.75,523.1,310.86,151891.71,488.62
23/11/15,0.00968,523.13,592.08,512.03,573,391.4,214248,547.38
24/11/15,0.00968,573,700,544.62,602.57,712.46,445525.43,625.33
25/11/15,0.01009,579.9,641.04,489.08,527.8,740.63,422193.14,570.05
26/11/15,0.01024,550.38,579.98,501,540.75,337.67,179722.29,532.24
27/11/15,0.00997,541.68,560,540.35,559.89,77.5,42654.51,550.4
28/11/15,0.00986,556.9,558.69,528.35,545.27,109.28,59898.14,548.13
29/11/15,0.00980,545.2,580,527.47,560,284.07,156367.01,550.45
30/11/15,0.00961,561.12,561.78,425,489.87,557.28,285640.8,512.56
1/12/15,0.00948,479.97,496.4,325,454.38,436.55,191835.2,439.43
2/12/15,0.00935,455.31,493.51,446,487,323.94,150432.89,464.38
3/12/15,0.00932,474.73,491.03,463.1,479.89,182.35,86593.35,474.88
4/12/15,0.00927,479.89,487.07,470,480.97,114.17,54491.02,477.29
5/12/15,0.00919,473.99,480.99,455.14,462.26,190.99,89217.22,467.14
6/12/15,0.00885,461,474,451.9,462,372.44,171248.5,459.81
7/12/15,0.00924,467.88,496.48,462.34,479.99,479.55,227962.77,475.37
8/12/15,0.00909,479.99,482.59,461.91,474.9,272.79,129257.33,473.84
9/12/15,0.00883,474.9,476.82,455,461.61,309.97,143840.28,464.04
10/12/15,0.00873,460.37,462.51,444,459.12,192.12,86836.9,452
11/12/15,0.00851,458.9,467,454.82,463.97,86.52,39883.41,460.95
12/12/15,0.00838,462,466.97,452.41,463.95,118.15,54396.66,460.42
13/12/15,0.00825,463.95,468.86,452.97,454.69,256.24,117979.09,460.43
14/12/15,0.00807,459.06,465.33,444.5,447,276.41,124982.48,452.16
15/12/15,0.00819,452.28,473.99,440.1,462.8,580.42,263231.56,453.52
16/12/15,0.00805,462.18,499.12,456.68,483.61,311.19,147253.56,473.19
17/12/15,0.00820,472,502,469.15,499.97,186.1,91400.88,491.15
18/12/15,0.00806,489,502,489,495.1,41.73,20785.56,498.13
19/12/15,0.00805,497,514.99,490.44,514.99,115.15,57358.49,498.13
20/12/15,0.00798,514.5,559.21,514.5,536,245.2,131073.75,534.55
21/12/15,0.00784,536,547.46,496.17,505,245.42,128460.76,523.44
22/12/15,0.00777,511.91,511.91,481.44,499.99,233.36,114408.86,490.27
23/12/15,0.00807,499.99,520.2,492.5,501.99,76.13,38390.24,504.3
24/12/15,0.00798,502,519.77,487.15,515.89,138.73,69196.96,498.78
25/12/15,0.00796,517.76,550,504.54,549.93,98.89,52112.54,526.98
26/12/15,0.00820,545,560,525,540.1,284.01,154970.34,545.65
27/12/15,0.00825,536.1,555.55,533.79,547.44,140.84,76388.98,542.37
28/12/15,0.00824,552.5,571.37,539.91,571.37,327.44,180576.36,551.48
29/12/15,0.00812,572.92,587.95,565,587.26,207.64,120478.96,580.23
30/12/15,0.00813,587.24,587.95,568.1,578.9,98.6,56797.9,576.06
31/12/15,0.00808,578.9,641.99,573.57,637.57,250.1,152309.82,608.99
1/1/16,0.00813,636.97,650,579.51,611.9,291.8,178864.86,612.98
2/1/16,0.00807,611.8,623.65,598,621.9,102.96,63412.83,615.91
3/1/16,0.00810,619.88,645,608.07,635,215.64,133966.23,621.24
4/1/16,0.00805,635,660,631.66,660,271.02,174363.2,643.35
5/1/16,0.00803,659.96,660,630,640.7,281.54,182153.46,646.99
6/1/16,0.00801,640.7,657.54,629.04,653.52,241.88,155951.81,644.74
7/1/16,0.00788,652.9,657.96,644,654,108.68,70640.3,649.98
8/1/16,0.00787,653.99,657.99,643.1,651.2,63.88,41569.53,650.75
9/1/16,0.00795,643.37,651.15,617.6,627.57,230.78,146283.82,633.87
10/1/16,0.00790,625.99,640.26,600.05,639.88,177.72,109655.86,617.02
11/1/16,0.00792,638.15,643.38,613.53,621.83,167.81,105111.72,626.38
12/1/16,0.00789,619.08,627.6,610,627.59,208.76,128840.05,617.16
13/1/16,0.00798,625,641,618.27,629.96,109.84,69151.39,629.58
14/1/16,0.00804,635.97,640.66,630,630,43.46,27466.65,632.05
15/1/16,0.00804,635.5,636.21,579.26,599.9,263.9,159266.62,603.5
